carrier_id,cict_item_id,work_family,pdf_url,source_host,http_status,content_type,reported_content_length,final_url,head_error,acquired,relative_path,local_bytes,sha256,pdf_signature_ok,download_error
CICT-C-0001,CICT-01,Tolkāppiyam,https://library.cict.in/41rarebooks/TOL-CICT -001 (1).pdf,library.cict.in,200,application/pdf,53508832,https://library.cict.in/41rarebooks/TOL-CICT%20-001%20(1).pdf,,False,,0,,False,DOWNLOAD_NOT_REQUESTED_RIGHTS_RESERVED
CICT-C-0002,CICT-01,Tolkāppiyam,https://library.cict.in/41rarebooks/TOL-CICT -001 (2).pdf,library.cict.in,200,application/pdf,15319772,https://library.cict.in/41rarebooks/TOL-CICT%20-001%20(2).pdf,,False,,0,,False,DOWNLOAD_NOT_REQUESTED_RIGHTS_RESERVED
CICT-C-0003,CICT-01,Tolkāppiyam,https://library.cict.in/41rarebooks/TOL-CICT -001 (3).pdf,library.cict.in,200,application/pdf,16948791,https://library.cict.in/41rarebooks/TOL-CICT%20-001%20(3).pdf,,False,,0,,False,DOWNLOAD_NOT_REQUESTED_RIGHTS_RESERVED
CICT-C-0004,CICT-01,Tolkāppiyam,https://library.cict.in/41rarebooks/TOL-CICT -001 (4).pdf,library.cict.in,200,application/pdf,14344682,https://library.cict.in/41rarebooks/TOL-CICT%20-001%20(4).pdf,,False,,0,,False,DOWNLOAD_NOT_REQUESTED_RIGHTS_RESERVED
CICT-C-0005,CICT-01,Tolkāppiyam,https://library.cict.in/41rarebooks/TOL-CICT -001 (5).pdf,library.cict.in,200,application/pdf,13318655,https://library.cict.in/41rarebooks/TOL-CICT%20-001%20(5).pdf,,False,,0,,False,DOWNLOAD_NOT_REQUESTED_RIGHTS_RESERVED
CICT-C-0006,CICT-01,Tolkāppiyam,https://library.cict.in/41rarebooks/TOL-CICT -001 (6).pdf,library.cict.in,200,application/pdf,90864067,https://library.cict.in/41rarebooks/TOL-CICT%20-001%20(6).pdf,,False,,0,,False,DOWNLOAD_NOT_REQUESTED_RIGHTS_RESERVED
CICT-C-0007,CICT-01,Tolkāppiyam,https://library.cict.in/41rarebooks/TOL-CICT -001 (7).pdf,library.cict.in,200,application/pdf,16083110,https://library.cict.in/41rarebooks/TOL-CICT%20-001%20(7).pdf,,False,,0,,False,DOWNLOAD_NOT_REQUESTED_RIGHTS_RESERVED
CICT-C-0008,CICT-01,Tolkāppiyam,https://library.cict.in/41rarebooks/TOL-CICT -001 (8).pdf,library.cict.in,200,application/pdf,141523967,https://library.cict.in/41rarebooks/TOL-CICT%20-001%20(8).pdf,,False,,0,,False,DOWNLOAD_NOT_REQUESTED_RIGHTS_RESERVED
CICT-C-0009,CICT-01,Tolkāppiyam,https://library.cict.in/41rarebooks/TOL-CICT -001 (9).pdf,library.cict.in,200,application/pdf,17218363,https://library.cict.in/41rarebooks/TOL-CICT%20-001%20(9).pdf,,False,,0,,False,DOWNLOAD_NOT_REQUESTED_RIGHTS_RESERVED
CICT-C-0010,CICT-01,Tolkāppiyam,https://library.cict.in/41rarebooks/TOL-CICT -001 (10).pdf,library.cict.in,200,application/pdf,24979578,https://library.cict.in/41rarebooks/TOL-CICT%20-001%20(10).pdf,,False,,0,,False,DOWNLOAD_NOT_REQUESTED_RIGHTS_RESERVED
CICT-C-0011,CICT-01,Tolkāppiyam,https://library.cict.in/41rarebooks/TOL-CICT -001 (11).pdf,library.cict.in,200,application/pdf,32780980,https://library.cict.in/41rarebooks/TOL-CICT%20-001%20(11).pdf,,False,,0,,False,DOWNLOAD_NOT_REQUESTED_RIGHTS_RESERVED
CICT-C-0012,CICT-01,Tolkāppiyam,https://library.cict.in/41rarebooks/TOL-CICT -001 (12).pdf,library.cict.in,200,application/pdf,7998045,https://library.cict.in/41rarebooks/TOL-CICT%20-001%20(12).pdf,,False,,0,,False,DOWNLOAD_NOT_REQUESTED_RIGHTS_RESERVED
CICT-C-0013,CICT-01,Tolkāppiyam,https://library.cict.in/41rarebooks/TOL-CICT -001 (13).pdf,library.cict.in,200,application/pdf,10027649,https://library.cict.in/41rarebooks/TOL-CICT%20-001%20(13).pdf,,False,,0,,False,DOWNLOAD_NOT_REQUESTED_RIGHTS_RESERVED
CICT-C-0014,CICT-01,Tolkāppiyam,https://library.cict.in/41rarebooks/TOL-CICT -001 (14).pdf,library.cict.in,200,application/pdf,6208199,https://library.cict.in/41rarebooks/TOL-CICT%20-001%20(14).pdf,,False,,0,,False,DOWNLOAD_NOT_REQUESTED_RIGHTS_RESERVED
CICT-C-0015,CICT-01,Tolkāppiyam,https://library.cict.in/41rarebooks/TOL-CICT -001 (15).pdf,library.cict.in,200,application/pdf,784318,https://library.cict.in/41rarebooks/TOL-CICT%20-001%20(15).pdf,,False,,0,,False,DOWNLOAD_NOT_REQUESTED_RIGHTS_RESERVED
CICT-C-0016,CICT-01,Tolkāppiyam,https://library.cict.in/41rarebooks/TOL-CICT -001 (16).pdf,library.cict.in,200,application/pdf,15509469,https://library.cict.in/41rarebooks/TOL-CICT%20-001%20(16).pdf,,False,,0,,False,DOWNLOAD_NOT_REQUESTED_RIGHTS_RESERVED
CICT-C-0017,CICT-01,Tolkāppiyam,https://library.cict.in/41rarebooks/TOL-CICT -001 (17).pdf,library.cict.in,200,application/pdf,182409245,https://library.cict.in/41rarebooks/TOL-CICT%20-001%20(17).pdf,,False,,0,,False,DOWNLOAD_NOT_REQUESTED_RIGHTS_RESERVED
CICT-C-0018,CICT-01,Tolkāppiyam,https://library.cict.in/41rarebooks/TOL-CICT -001 (18).pdf,library.cict.in,200,application/pdf,753156832,https://library.cict.in/41rarebooks/TOL-CICT%20-001%20(18).pdf,,False,,0,,False,DOWNLOAD_NOT_REQUESTED_RIGHTS_RESERVED
CICT-C-0019,CICT-01,Tolkāppiyam,https://library.cict.in/41rarebooks/TOL-CICT -001 (19).pdf,library.cict.in,200,application/pdf,228789993,https://library.cict.in/41rarebooks/TOL-CICT%20-001%20(19).pdf,,False,,0,,False,DOWNLOAD_NOT_REQUESTED_RIGHTS_RESERVED
CICT-C-0020,CICT-01,Tolkāppiyam,https://library.cict.in/41rarebooks/TOL-CICT -001 (20).pdf,library.cict.in,200,application/pdf,250297009,https://library.cict.in/41rarebooks/TOL-CICT%20-001%20(20).pdf,,False,,0,,False,DOWNLOAD_NOT_REQUESTED_RIGHTS_RESERVED
CICT-C-0021,CICT-01,Tolkāppiyam,https://library.cict.in/41rarebooks/TOL-CICT -001 (21).pdf,library.cict.in,200,application/pdf,76705489,https://library.cict.in/41rarebooks/TOL-CICT%20-001%20(21).pdf,,False,,0,,False,DOWNLOAD_NOT_REQUESTED_RIGHTS_RESERVED
CICT-C-0022,CICT-01,Tolkāppiyam,https://library.cict.in/41rarebooks/TOL-CICT -001 (22).pdf,library.cict.in,200,application/pdf,0,https://library.cict.in/41rarebooks/TOL-CICT%20-001%20(22).pdf,,False,,0,,False,DOWNLOAD_NOT_REQUESTED_RIGHTS_RESERVED
CICT-C-0023,CICT-01,Tolkāppiyam,https://library.cict.in/41rarebooks/TOL-CICT -001 (23).pdf,library.cict.in,200,application/pdf,26358020,https://library.cict.in/41rarebooks/TOL-CICT%20-001%20(23).pdf,,False,,0,,False,DOWNLOAD_NOT_REQUESTED_RIGHTS_RESERVED
CICT-C-0024,CICT-01,Tolkāppiyam,https://library.cict.in/41rarebooks/TOL-CICT -001 (24).pdf,library.cict.in,200,application/pdf,0,https://library.cict.in/41rarebooks/TOL-CICT%20-001%20(24).pdf,,False,,0,,False,DOWNLOAD_NOT_REQUESTED_RIGHTS_RESERVED
CICT-C-0025,CICT-01,Tolkāppiyam,https://library.cict.in/41rarebooks/TOL-CICT -001 (25).pdf,library.cict.in,200,application/pdf,31884277,https://library.cict.in/41rarebooks/TOL-CICT%20-001%20(25).pdf,,False,,0,,False,DOWNLOAD_NOT_REQUESTED_RIGHTS_RESERVED
CICT-C-0026,CICT-01,Tolkāppiyam,https://library.cict.in/41rarebooks/TOL-CICT -001 (26).pdf,library.cict.in,200,application/pdf,84199058,https://library.cict.in/41rarebooks/TOL-CICT%20-001%20(26).pdf,,False,,0,,False,DOWNLOAD_NOT_REQUESTED_RIGHTS_RESERVED
CICT-C-0027,CICT-01,Tolkāppiyam,https://library.cict.in/41rarebooks/2025/41-1/thol_Eluthu_ilam_1928.pdf,library.cict.in,200,application/pdf,21798777,https://library.cict.in/41rarebooks/2025/41-1/thol_Eluthu_ilam_1928.pdf,,False,,0,,False,DOWNLOAD_NOT_REQUESTED_RIGHTS_RESERVED
CICT-C-0028,CICT-01,Tolkāppiyam,https://library.cict.in/41rarebooks/2025/41-1/thol_Eluthu_ilampuranam.pdf,library.cict.in,200,application/pdf,34239315,https://library.cict.in/41rarebooks/2025/41-1/thol_Eluthu_ilampuranam.pdf,,False,,0,,False,DOWNLOAD_NOT_REQUESTED_RIGHTS_RESERVED
CICT-C-0029,CICT-01,Tolkāppiyam,https://library.cict.in/41rarebooks/2025/41-1/Thol_Eluthu_ilampuranam_1928.pdf,library.cict.in,200,application/pdf,26414212,https://library.cict.in/41rarebooks/2025/41-1/Thol_Eluthu_ilampuranam_1928.pdf,,False,,0,,False,DOWNLOAD_NOT_REQUESTED_RIGHTS_RESERVED
CICT-C-0030,CICT-01,Tolkāppiyam,https://library.cict.in/41rarebooks/2025/41-1/thol_porul_ilampuranam.pdf,library.cict.in,200,application/pdf,42471954,https://library.cict.in/41rarebooks/2025/41-1/thol_porul_ilampuranam.pdf,,False,,0,,False,DOWNLOAD_NOT_REQUESTED_RIGHTS_RESERVED
CICT-C-0031,CICT-01,Tolkāppiyam,https://library.cict.in/41rarebooks/2025/41-1/tholkappiyam Porul_1985.pdf,library.cict.in,200,application/pdf,57150142,https://library.cict.in/41rarebooks/2025/41-1/tholkappiyam%20Porul_1985.pdf,,False,,0,,False,DOWNLOAD_NOT_REQUESTED_RIGHTS_RESERVED
CICT-C-0032,CICT-01,Tolkāppiyam,https://library.cict.in/41rarebooks/2025/41-1/thol_porul_thoguthi 2_Nachinar_1986.pdf,library.cict.in,200,application/pdf,44355619,https://library.cict.in/41rarebooks/2025/41-1/thol_porul_thoguthi%202_Nachinar_1986.pdf,,False,,0,,False,DOWNLOAD_NOT_REQUESTED_RIGHTS_RESERVED
CICT-C-0033,CICT-01,Tolkāppiyam,https://library.cict.in/41rarebooks/2025/41-1/Thol_sol_Nachinar_1812.pdf,library.cict.in,200,application/pdf,67887152,https://library.cict.in/41rarebooks/2025/41-1/Thol_sol_Nachinar_1812.pdf,,False,,0,,False,DOWNLOAD_NOT_REQUESTED_RIGHTS_RESERVED
CICT-C-0034,CICT-01,Tolkāppiyam,https://library.cict.in/41rarebooks/2025/41-1/Tol_Eluthu_1937.pdf,library.cict.in,200,application/pdf,28042869,https://library.cict.in/41rarebooks/2025/41-1/Tol_Eluthu_1937.pdf,,False,,0,,False,DOWNLOAD_NOT_REQUESTED_RIGHTS_RESERVED
CICT-C-0035,CICT-01,Tolkāppiyam,https://library.cict.in/41rarebooks/2025/41-1/Tol_Eluthu_ilampuranar_1979.pdf,library.cict.in,200,application/pdf,32239886,https://library.cict.in/41rarebooks/2025/41-1/Tol_Eluthu_ilampuranar_1979.pdf,,False,,0,,False,DOWNLOAD_NOT_REQUESTED_RIGHTS_RESERVED
CICT-C-0036,CICT-02,Naṟṟiṇai,https://library.cict.in/41rarebooks/NATRI-CICT (1).pdf,library.cict.in,200,application/pdf,43783257,https://library.cict.in/41rarebooks/NATRI-CICT%20(1).pdf,,False,,0,,False,DOWNLOAD_NOT_REQUESTED_RIGHTS_RESERVED
CICT-C-0037,CICT-02,Naṟṟiṇai,https://library.cict.in/41rarebooks/NATRI-CICT (2).pdf,library.cict.in,200,application/pdf,295926265,https://library.cict.in/41rarebooks/NATRI-CICT%20(2).pdf,,False,,0,,False,DOWNLOAD_NOT_REQUESTED_RIGHTS_RESERVED
CICT-C-0038,CICT-02,Naṟṟiṇai,https://library.cict.in/41rarebooks/NATRI-CICT (3).pdf,library.cict.in,200,application/pdf,99149748,https://library.cict.in/41rarebooks/NATRI-CICT%20(3).pdf,,False,,0,,False,DOWNLOAD_NOT_REQUESTED_RIGHTS_RESERVED
CICT-C-0039,CICT-02,Naṟṟiṇai,https://library.cict.in/41rarebooks/2025/41-2/Natrinai Moolamum Uraiyum.pdf,library.cict.in,200,application/pdf,9728551,https://library.cict.in/41rarebooks/2025/41-2/Natrinai%20Moolamum%20Uraiyum.pdf,,False,,0,,False,DOWNLOAD_NOT_REQUESTED_RIGHTS_RESERVED
CICT-C-0040,CICT-02,Naṟṟiṇai,https://library.cict.in/41rarebooks/2025/41-2/Natrinai400_1962.pdf,library.cict.in,200,application/pdf,140860349,https://library.cict.in/41rarebooks/2025/41-2/Natrinai400_1962.pdf,,False,,0,,False,DOWNLOAD_NOT_REQUESTED_RIGHTS_RESERVED
CICT-C-0041,CICT-03,Kuṟuntokai,https://library.cict.in/41rarebooks/KURU-CICT (1).pdf,library.cict.in,200,application/pdf,104669479,https://library.cict.in/41rarebooks/KURU-CICT%20(1).pdf,,False,,0,,False,DOWNLOAD_NOT_REQUESTED_RIGHTS_RESERVED
CICT-C-0042,CICT-03,Kuṟuntokai,https://library.cict.in/41rarebooks/KURU-CICT (2).pdf,library.cict.in,200,application/pdf,162664806,https://library.cict.in/41rarebooks/KURU-CICT%20(2).pdf,,False,,0,,False,DOWNLOAD_NOT_REQUESTED_RIGHTS_RESERVED
CICT-C-0043,CICT-03,Kuṟuntokai,https://library.cict.in/41rarebooks/KURU-CICT (3).pdf,library.cict.in,200,application/pdf,94259410,https://library.cict.in/41rarebooks/KURU-CICT%20(3).pdf,,False,,0,,False,DOWNLOAD_NOT_REQUESTED_RIGHTS_RESERVED
CICT-C-0044,CICT-03,Kuṟuntokai,https://library.cict.in/41rarebooks/KURU-CICT (4).pdf,library.cict.in,200,application/pdf,60675101,https://library.cict.in/41rarebooks/KURU-CICT%20(4).pdf,,False,,0,,False,DOWNLOAD_NOT_REQUESTED_RIGHTS_RESERVED
CICT-C-0045,CICT-03,Kuṟuntokai,https://library.cict.in/41rarebooks/2025/41-3/kurunthogai_1947.pdf,library.cict.in,200,application/pdf,190914972,https://library.cict.in/41rarebooks/2025/41-3/kurunthogai_1947.pdf,,False,,0,,False,DOWNLOAD_NOT_REQUESTED_RIGHTS_RESERVED
CICT-C-0046,CICT-03,Kuṟuntokai,https://library.cict.in/41rarebooks/2025/41-3/Kurunthogai_1965.pdf,library.cict.in,200,application/pdf,121361688,https://library.cict.in/41rarebooks/2025/41-3/Kurunthogai_1965.pdf,,False,,0,,False,DOWNLOAD_NOT_REQUESTED_RIGHTS_RESERVED
CICT-C-0047,CICT-03,Kuṟuntokai,https://library.cict.in/41rarebooks/2025/41-3/kurunthokai_1957.pdf,library.cict.in,200,application/pdf,21066862,https://library.cict.in/41rarebooks/2025/41-3/kurunthokai_1957.pdf,,False,,0,,False,DOWNLOAD_NOT_REQUESTED_RIGHTS_RESERVED
CICT-C-0048,CICT-04,Aiṅkuṟunūṟu,https://library.cict.in/41rarebooks/AINGURU-CICT (1).pdf,library.cict.in,200,application/pdf,10880496,https://library.cict.in/41rarebooks/AINGURU-CICT%20(1).pdf,,False,,0,,False,DOWNLOAD_NOT_REQUESTED_RIGHTS_RESERVED
CICT-C-0049,CICT-04,Aiṅkuṟunūṟu,https://library.cict.in/41rarebooks/AINGURU-CICT (2).pdf,library.cict.in,200,application/pdf,19474878,https://library.cict.in/41rarebooks/AINGURU-CICT%20(2).pdf,,False,,0,,False,DOWNLOAD_NOT_REQUESTED_RIGHTS_RESERVED
CICT-C-0050,CICT-04,Aiṅkuṟunūṟu,https://library.cict.in/41rarebooks/AINGURU-CICT (3).pdf,library.cict.in,200,application/pdf,21581240,https://library.cict.in/41rarebooks/AINGURU-CICT%20(3).pdf,,False,,0,,False,DOWNLOAD_NOT_REQUESTED_RIGHTS_RESERVED
CICT-C-0051,CICT-04,Aiṅkuṟunūṟu,https://library.cict.in/41rarebooks/AINGURU-CICT (4).pdf,library.cict.in,200,application/pdf,21332925,https://library.cict.in/41rarebooks/AINGURU-CICT%20(4).pdf,,False,,0,,False,DOWNLOAD_NOT_REQUESTED_RIGHTS_RESERVED
CICT-C-0052,CICT-04,Aiṅkuṟunūṟu,https://library.cict.in/41rarebooks/2025/41-4/IYN GURU NANURU.pdf,library.cict.in,200,application/pdf,19474878,https://library.cict.in/41rarebooks/2025/41-4/IYN%20GURU%20NANURU.pdf,,False,,0,,False,DOWNLOAD_NOT_REQUESTED_RIGHTS_RESERVED
CICT-C-0053,CICT-05,Patiṟṟuppattu,https://library.cict.in/41rarebooks/PATHITRU-CICT (1).pdf,library.cict.in,200,application/pdf,12267256,https://library.cict.in/41rarebooks/PATHITRU-CICT%20(1).pdf,,False,,0,,False,DOWNLOAD_NOT_REQUESTED_RIGHTS_RESERVED
CICT-C-0054,CICT-05,Patiṟṟuppattu,https://library.cict.in/41rarebooks/PATHITRU-CICT (2).pdf,library.cict.in,200,application/pdf,14353451,https://library.cict.in/41rarebooks/PATHITRU-CICT%20(2).pdf,,False,,0,,False,DOWNLOAD_NOT_REQUESTED_RIGHTS_RESERVED
CICT-C-0055,CICT-05,Patiṟṟuppattu,https://library.cict.in/41rarebooks/PATHITRU-CICT (3).pdf,library.cict.in,200,application/pdf,39961910,https://library.cict.in/41rarebooks/PATHITRU-CICT%20(3).pdf,,False,,0,,False,DOWNLOAD_NOT_REQUESTED_RIGHTS_RESERVED
CICT-C-0056,CICT-05,Patiṟṟuppattu,https://library.cict.in/41rarebooks/PATHITRU-CICT (4).pdf,library.cict.in,200,application/pdf,333629245,https://library.cict.in/41rarebooks/PATHITRU-CICT%20(4).pdf,,False,,0,,False,DOWNLOAD_NOT_REQUESTED_RIGHTS_RESERVED
CICT-C-0057,CICT-05,Patiṟṟuppattu,https://library.cict.in/41rarebooks/PATHITRU-CICT (5).pdf,library.cict.in,200,application/pdf,181647738,https://library.cict.in/41rarebooks/PATHITRU-CICT%20(5).pdf,,False,,0,,False,DOWNLOAD_NOT_REQUESTED_RIGHTS_RESERVED
CICT-C-0058,CICT-05,Patiṟṟuppattu,https://library.cict.in/41rarebooks/2025/41-5/patthupattu_kurunjikali_1951.pdf,library.cict.in,200,application/pdf,73610840,https://library.cict.in/41rarebooks/2025/41-5/patthupattu_kurunjikali_1951.pdf,,False,,0,,False,DOWNLOAD_NOT_REQUESTED_RIGHTS_RESERVED
CICT-C-0059,CICT-05,Patiṟṟuppattu,https://library.cict.in/41rarebooks/2025/41-5/pathitrupathu _1957.pdf,library.cict.in,200,application/pdf,32924792,https://library.cict.in/41rarebooks/2025/41-5/pathitrupathu%20_1957.pdf,,False,,0,,False,DOWNLOAD_NOT_REQUESTED_RIGHTS_RESERVED
CICT-C-0060,CICT-06,ParipāṭalL,https://library.cict.in/41rarebooks/PARI-CICT.pdf,library.cict.in,200,application/pdf,14361143,https://library.cict.in/41rarebooks/PARI-CICT.pdf,,False,,0,,False,DOWNLOAD_NOT_REQUESTED_RIGHTS_RESERVED
CICT-C-0061,CICT-06,ParipāṭalL,https://library.cict.in/41rarebooks/2025/41-6/paripadal_1975.pdf,library.cict.in,200,application/pdf,91982425,https://library.cict.in/41rarebooks/2025/41-6/paripadal_1975.pdf,,False,,0,,False,DOWNLOAD_NOT_REQUESTED_RIGHTS_RESERVED
CICT-C-0062,CICT-07,Kalittokai,https://library.cict.in/41rarebooks/KALI-CICT.pdf,library.cict.in,200,application/pdf,50101845,https://library.cict.in/41rarebooks/KALI-CICT.pdf,,False,,0,,False,DOWNLOAD_NOT_REQUESTED_RIGHTS_RESERVED
CICT-C-0063,CICT-07,Kalittokai,https://library.cict.in/41rarebooks/2025/41-7/kalithogai-1930.pdf,library.cict.in,200,application/pdf,31353363,https://library.cict.in/41rarebooks/2025/41-7/kalithogai-1930.pdf,,False,,0,,False,DOWNLOAD_NOT_REQUESTED_RIGHTS_RESERVED
CICT-C-0064,CICT-07,Kalittokai,https://library.cict.in/41rarebooks/2025/41-7/kalithokai_1957.pdf,library.cict.in,200,application/pdf,38873919,https://library.cict.in/41rarebooks/2025/41-7/kalithokai_1957.pdf,,False,,0,,False,DOWNLOAD_NOT_REQUESTED_RIGHTS_RESERVED
CICT-C-0065,CICT-08,Akanāṉūṟu,https://library.cict.in/41rarebooks/AKAN-CICT (1).pdf,library.cict.in,200,application/pdf,31904112,https://library.cict.in/41rarebooks/AKAN-CICT%20(1).pdf,,False,,0,,False,DOWNLOAD_NOT_REQUESTED_RIGHTS_RESERVED
CICT-C-0066,CICT-08,Akanāṉūṟu,https://library.cict.in/41rarebooks/AKAN-CICT (2).pdf,library.cict.in,200,application/pdf,27714025,https://library.cict.in/41rarebooks/AKAN-CICT%20(2).pdf,,False,,0,,False,DOWNLOAD_NOT_REQUESTED_RIGHTS_RESERVED
CICT-C-0067,CICT-08,Akanāṉūṟu,https://library.cict.in/41rarebooks/AKAN-CICT (3).pdf,library.cict.in,200,application/pdf,52318118,https://library.cict.in/41rarebooks/AKAN-CICT%20(3).pdf,,False,,0,,False,DOWNLOAD_NOT_REQUESTED_RIGHTS_RESERVED
CICT-C-0068,CICT-08,Akanāṉūṟu,https://library.cict.in/41rarebooks/AKAN-CICT (4).pdf,library.cict.in,200,application/pdf,96572982,https://library.cict.in/41rarebooks/AKAN-CICT%20(4).pdf,,False,,0,,False,DOWNLOAD_NOT_REQUESTED_RIGHTS_RESERVED
CICT-C-0069,CICT-08,Akanāṉūṟu,https://library.cict.in/41rarebooks/2025/41-8/Akananuru.pdf,library.cict.in,200,application/pdf,31208444,https://library.cict.in/41rarebooks/2025/41-8/Akananuru.pdf,,False,,0,,False,DOWNLOAD_NOT_REQUESTED_RIGHTS_RESERVED
CICT-C-0070,CICT-09,Puṟanāṉūṟu,https://library.cict.in/41rarebooks/PURA-CICT (1).pdf,library.cict.in,200,application/pdf,35855584,https://library.cict.in/41rarebooks/PURA-CICT%20(1).pdf,,False,,0,,False,DOWNLOAD_NOT_REQUESTED_RIGHTS_RESERVED
CICT-C-0071,CICT-09,Puṟanāṉūṟu,https://library.cict.in/41rarebooks/PURA-CICT (2).pdf,library.cict.in,200,application/pdf,46232943,https://library.cict.in/41rarebooks/PURA-CICT%20(2).pdf,,False,,0,,False,DOWNLOAD_NOT_REQUESTED_RIGHTS_RESERVED
CICT-C-0072,CICT-09,Puṟanāṉūṟu,https://library.cict.in/41rarebooks/PURA-CICT (3).pdf,library.cict.in,200,application/pdf,77116526,https://library.cict.in/41rarebooks/PURA-CICT%20(3).pdf,,False,,0,,False,DOWNLOAD_NOT_REQUESTED_RIGHTS_RESERVED
CICT-C-0073,CICT-09,Puṟanāṉūṟu,https://library.cict.in/41rarebooks/PURA-CICT (4).pdf,library.cict.in,200,application/pdf,43745546,https://library.cict.in/41rarebooks/PURA-CICT%20(4).pdf,,False,,0,,False,DOWNLOAD_NOT_REQUESTED_RIGHTS_RESERVED
CICT-C-0074,CICT-09,Puṟanāṉūṟu,https://library.cict.in/41rarebooks/2025/41-9/purananuru-1968.pdf,library.cict.in,200,application/pdf,135422450,https://library.cict.in/41rarebooks/2025/41-9/purananuru-1968.pdf,,False,,0,,False,DOWNLOAD_NOT_REQUESTED_RIGHTS_RESERVED
CICT-C-0075,CICT-09,Puṟanāṉūṟu,https://library.cict.in/41rarebooks/2025/41-9/purananuru-1971.pdf,library.cict.in,200,application/pdf,114220170,https://library.cict.in/41rarebooks/2025/41-9/purananuru-1971.pdf,,False,,0,,False,DOWNLOAD_NOT_REQUESTED_RIGHTS_RESERVED
CICT-C-0076,CICT-10,Pattuppāṭṭu,https://library.cict.in/41rarebooks/PATTU-CICT(1).pdf,library.cict.in,200,application/pdf,38656302,https://library.cict.in/41rarebooks/PATTU-CICT(1).pdf,,False,,0,,False,DOWNLOAD_NOT_REQUESTED_RIGHTS_RESERVED
CICT-C-0077,CICT-10,Pattuppāṭṭu,https://library.cict.in/41rarebooks/PATTU-CICT(2).pdf,library.cict.in,200,application/pdf,35114382,https://library.cict.in/41rarebooks/PATTU-CICT(2).pdf,,False,,0,,False,DOWNLOAD_NOT_REQUESTED_RIGHTS_RESERVED
CICT-C-0078,CICT-10,Pattuppāṭṭu,https://library.cict.in/41rarebooks/PATTU-CICT(3).pdf,library.cict.in,200,application/pdf,84801927,https://library.cict.in/41rarebooks/PATTU-CICT(3).pdf,,False,,0,,False,DOWNLOAD_NOT_REQUESTED_RIGHTS_RESERVED
CICT-C-0079,CICT-10,Pattuppāṭṭu,https://library.cict.in/41rarebooks/2025/41-10/pattum_thogaiyum_1958.pdf,library.cict.in,200,application/pdf,53503131,https://library.cict.in/41rarebooks/2025/41-10/pattum_thogaiyum_1958.pdf,,False,,0,,False,DOWNLOAD_NOT_REQUESTED_RIGHTS_RESERVED
CICT-C-0080,CICT-11,Tirumurukāṟṟuppaṭai,https://library.cict.in/41rarebooks/THIRUMURU-CICT (1).pdf,library.cict.in,200,application/pdf,2315789,https://library.cict.in/41rarebooks/THIRUMURU-CICT%20(1).pdf,,False,,0,,False,DOWNLOAD_NOT_REQUESTED_RIGHTS_RESERVED
CICT-C-0081,CICT-11,Tirumurukāṟṟuppaṭai,https://library.cict.in/41rarebooks/THIRUMURU-CICT (2).pdf,library.cict.in,200,application/pdf,23765467,https://library.cict.in/41rarebooks/THIRUMURU-CICT%20(2).pdf,,False,,0,,False,DOWNLOAD_NOT_REQUESTED_RIGHTS_RESERVED
CICT-C-0082,CICT-11,Tirumurukāṟṟuppaṭai,https://library.cict.in/41rarebooks/THIRUMURU-CICT (3).pdf,library.cict.in,200,application/pdf,7225978,https://library.cict.in/41rarebooks/THIRUMURU-CICT%20(3).pdf,,False,,0,,False,DOWNLOAD_NOT_REQUESTED_RIGHTS_RESERVED
CICT-C-0083,CICT-11,Tirumurukāṟṟuppaṭai,https://library.cict.in/41rarebooks/THIRUMURU-CICT (4).pdf,library.cict.in,200,application/pdf,1958902,https://library.cict.in/41rarebooks/THIRUMURU-CICT%20(4).pdf,,False,,0,,False,DOWNLOAD_NOT_REQUESTED_RIGHTS_RESERVED
CICT-C-0084,CICT-11,Tirumurukāṟṟuppaṭai,https://library.cict.in/41rarebooks/2025/41-11/le_thirumurugatrupadai+_1973.pdf,library.cict.in,404,text/html,1245,https://library.cict.in/41rarebooks/2025/41-11/le_thirumurugatrupadai+_1973.pdf,,False,,0,,False,DOWNLOAD_NOT_REQUESTED_RIGHTS_RESERVED
CICT-C-0085,CICT-11,Tirumurukāṟṟuppaṭai,https://library.cict.in/41rarebooks/2025/41-11/thirumurugatrupadai.pdf,library.cict.in,200,application/pdf,4751320,https://library.cict.in/41rarebooks/2025/41-11/thirumurugatrupadai.pdf,,False,,0,,False,DOWNLOAD_NOT_REQUESTED_RIGHTS_RESERVED
CICT-C-0086,CICT-11,Tirumurukāṟṟuppaṭai,https://library.cict.in/41rarebooks/2025/41-11/tirumugatrupadai_1920.pdf,library.cict.in,200,application/pdf,6216790,https://library.cict.in/41rarebooks/2025/41-11/tirumugatrupadai_1920.pdf,,False,,0,,False,DOWNLOAD_NOT_REQUESTED_RIGHTS_RESERVED
CICT-C-0087,CICT-12,Porunarāṟṟuppaṭai,https://library.cict.in/41rarebooks/PORUNAR-CICT (1).pdf,library.cict.in,200,application/pdf,5685488,https://library.cict.in/41rarebooks/PORUNAR-CICT%20(1).pdf,,False,,0,,False,DOWNLOAD_NOT_REQUESTED_RIGHTS_RESERVED
CICT-C-0088,CICT-12,Porunarāṟṟuppaṭai,https://library.cict.in/41rarebooks/PORUNAR-CICT (2).pdf,library.cict.in,200,application/pdf,3916058,https://library.cict.in/41rarebooks/PORUNAR-CICT%20(2).pdf,,False,,0,,False,DOWNLOAD_NOT_REQUESTED_RIGHTS_RESERVED
CICT-C-0089,CICT-13,Ciṟupāṇāṟṟuppaṭai,https://library.cict.in/41rarebooks/SIRU-CICT.pdf,library.cict.in,200,application/pdf,13881082,https://library.cict.in/41rarebooks/SIRU-CICT.pdf,,False,,0,,False,DOWNLOAD_NOT_REQUESTED_RIGHTS_RESERVED
CICT-C-0090,CICT-13,Ciṟupāṇāṟṟuppaṭai,https://library.cict.in/41rarebooks/2025/41-13/sirupanatrupadai_1909.pdf,library.cict.in,200,application/pdf,7493376,https://library.cict.in/41rarebooks/2025/41-13/sirupanatrupadai_1909.pdf,,False,,0,,False,DOWNLOAD_NOT_REQUESTED_RIGHTS_RESERVED
CICT-C-0091,CICT-14,Perumpāṇāṟṟuppaṭai,https://library.cict.in/41rarebooks/PERUMPADAI (1).pdf,library.cict.in,200,application/pdf,4342630,https://library.cict.in/41rarebooks/PERUMPADAI%20(1).pdf,,False,,0,,False,DOWNLOAD_NOT_REQUESTED_RIGHTS_RESERVED
CICT-C-0092,CICT-14,Perumpāṇāṟṟuppaṭai,https://library.cict.in/41rarebooks/PERUMPADAI (2).pdf,library.cict.in,200,application/pdf,10309876,https://library.cict.in/41rarebooks/PERUMPADAI%20(2).pdf,,False,,0,,False,DOWNLOAD_NOT_REQUESTED_RIGHTS_RESERVED
CICT-C-0093,CICT-15,Mullaippāṭṭu,https://library.cict.in/41rarebooks/MULLAI-CICT (1).pdf,library.cict.in,200,application/pdf,2560360,https://library.cict.in/41rarebooks/MULLAI-CICT%20(1).pdf,,False,,0,,False,DOWNLOAD_NOT_REQUESTED_RIGHTS_RESERVED
CICT-C-0094,CICT-15,Mullaippāṭṭu,https://library.cict.in/41rarebooks/MULLAI-CICT (2).pdf,library.cict.in,200,application/pdf,2982573,https://library.cict.in/41rarebooks/MULLAI-CICT%20(2).pdf,,False,,0,,False,DOWNLOAD_NOT_REQUESTED_RIGHTS_RESERVED
CICT-C-0095,CICT-16,Maturaikkāñci,https://library.cict.in/41rarebooks/MADURAI-CICT.pdf,library.cict.in,200,application/pdf,12276343,https://library.cict.in/41rarebooks/MADURAI-CICT.pdf,,False,,0,,False,DOWNLOAD_NOT_REQUESTED_RIGHTS_RESERVED
CICT-C-0096,CICT-17,Neṭunalvāṭai,https://library.cict.in/41rarebooks/NEDUNAL-CICT.pdf,library.cict.in,200,application/pdf,2901848,https://library.cict.in/41rarebooks/NEDUNAL-CICT.pdf,,False,,0,,False,DOWNLOAD_NOT_REQUESTED_RIGHTS_RESERVED
CICT-C-0097,CICT-17,Neṭunalvāṭai,https://library.cict.in/41rarebooks/2025/41-17/may25/Nedunalvadai.pdf,library.cict.in,200,application/pdf,70984604,https://library.cict.in/41rarebooks/2025/41-17/may25/Nedunalvadai.pdf,,False,,0,,False,DOWNLOAD_NOT_REQUESTED_RIGHTS_RESERVED
CICT-C-0098,CICT-18,Kuṟiñcippāṭṭu,https://library.cict.in/41rarebooks/KURUNJI-CICT.pdf,library.cict.in,200,application/pdf,3656173,https://library.cict.in/41rarebooks/KURUNJI-CICT.pdf,,False,,0,,False,DOWNLOAD_NOT_REQUESTED_RIGHTS_RESERVED
CICT-C-0099,CICT-19,Paṭṭiṉappālai,https://library.cict.in/41rarebooks/PATTINA-CICT (1).pdf,library.cict.in,200,application/pdf,4285374,https://library.cict.in/41rarebooks/PATTINA-CICT%20(1).pdf,,False,,0,,False,DOWNLOAD_NOT_REQUESTED_RIGHTS_RESERVED
CICT-C-0100,CICT-19,Paṭṭiṉappālai,https://library.cict.in/41rarebooks/PATTINA-CICT (2).pdf,library.cict.in,200,application/pdf,65003964,https://library.cict.in/41rarebooks/PATTINA-CICT%20(2).pdf,,False,,0,,False,DOWNLOAD_NOT_REQUESTED_RIGHTS_RESERVED
CICT-C-0101,CICT-19,Paṭṭiṉappālai,https://library.cict.in/41rarebooks/PATTINA-CICT (3).pdf,library.cict.in,200,application/pdf,56420779,https://library.cict.in/41rarebooks/PATTINA-CICT%20(3).pdf,,False,,0,,False,DOWNLOAD_NOT_REQUESTED_RIGHTS_RESERVED
CICT-C-0102,CICT-19,Paṭṭiṉappālai,https://library.cict.in/41rarebooks/2025/41-19/19-1.pdf,library.cict.in,200,application/pdf,20703532,https://library.cict.in/41rarebooks/2025/41-19/19-1.pdf,,False,,0,,False,DOWNLOAD_NOT_REQUESTED_RIGHTS_RESERVED
CICT-C-0103,CICT-20,Malaipaṭukaṭām,https://library.cict.in/41rarebooks/MALAI-CICT.pdf,library.cict.in,200,application/pdf,10865508,https://library.cict.in/41rarebooks/MALAI-CICT.pdf,,False,,0,,False,DOWNLOAD_NOT_REQUESTED_RIGHTS_RESERVED
CICT-C-0104,CICT-20,Malaipaṭukaṭām,https://library.cict.in/41rarebooks/2025/41-20/may25/malaipadu.pdf,library.cict.in,200,application/pdf,56480704,https://library.cict.in/41rarebooks/2025/41-20/may25/malaipadu.pdf,,False,,0,,False,DOWNLOAD_NOT_REQUESTED_RIGHTS_RESERVED
CICT-C-0105,CICT-21,Nālaṭiyār,https://library.cict.in/41rarebooks/NALADI-CICT(1).pdf,library.cict.in,404,text/html,1245,https://library.cict.in/41rarebooks/NALADI-CICT(1).pdf,,False,,0,,False,DOWNLOAD_NOT_REQUESTED_RIGHTS_RESERVED
CICT-C-0106,CICT-21,Nālaṭiyār,https://library.cict.in/41rarebooks/NALADI-CICT(2).pdf,library.cict.in,404,text/html,1245,https://library.cict.in/41rarebooks/NALADI-CICT(2).pdf,,False,,0,,False,DOWNLOAD_NOT_REQUESTED_RIGHTS_RESERVED
CICT-C-0107,CICT-21,Nālaṭiyār,https://library.cict.in/41rarebooks/NALADI-CICT(3).pdf,library.cict.in,404,text/html,1245,https://library.cict.in/41rarebooks/NALADI-CICT(3).pdf,,False,,0,,False,DOWNLOAD_NOT_REQUESTED_RIGHTS_RESERVED
CICT-C-0108,CICT-21,Nālaṭiyār,https://library.cict.in/41rarebooks/2025/41-21/Naladiyar Moolam_1928.pdf,library.cict.in,200,application/pdf,62781270,https://library.cict.in/41rarebooks/2025/41-21/Naladiyar%20Moolam_1928.pdf,,False,,0,,False,DOWNLOAD_NOT_REQUESTED_RIGHTS_RESERVED
CICT-C-0109,CICT-21,Nālaṭiyār,https://library.cict.in/41rarebooks/2025/41-21/The Naladiyar.pdf,library.cict.in,200,application/pdf,23065217,https://library.cict.in/41rarebooks/2025/41-21/The%20Naladiyar.pdf,,False,,0,,False,DOWNLOAD_NOT_REQUESTED_RIGHTS_RESERVED
CICT-C-0110,CICT-22,Nāṉmaṇikkaṭikai,https://library.cict.in/41rarebooks/NAANMKADIGAI-CICT-001 (1).pdf,library.cict.in,404,text/html,1245,https://library.cict.in/41rarebooks/NAANMKADIGAI-CICT-001%20(1).pdf,,False,,0,,False,DOWNLOAD_NOT_REQUESTED_RIGHTS_RESERVED
CICT-C-0111,CICT-22,Nāṉmaṇikkaṭikai,https://library.cict.in/41rarebooks/NAANMKADIGAI-CICT-001 (2).pdf,library.cict.in,404,text/html,1245,https://library.cict.in/41rarebooks/NAANMKADIGAI-CICT-001%20(2).pdf,,False,,0,,False,DOWNLOAD_NOT_REQUESTED_RIGHTS_RESERVED
CICT-C-0112,CICT-22,Nāṉmaṇikkaṭikai,https://library.cict.in/41rarebooks/NAANMKADIGAI-CICT-001 (3).pdf,library.cict.in,404,text/html,1245,https://library.cict.in/41rarebooks/NAANMKADIGAI-CICT-001%20(3).pdf,,False,,0,,False,DOWNLOAD_NOT_REQUESTED_RIGHTS_RESERVED
CICT-C-0113,CICT-22,Nāṉmaṇikkaṭikai,https://library.cict.in/41rarebooks/2025/41-22/22- Nanmanikadikai.pdf,library.cict.in,200,application/pdf,6394619,https://library.cict.in/41rarebooks/2025/41-22/22-%20Nanmanikadikai.pdf,,False,,0,,False,DOWNLOAD_NOT_REQUESTED_RIGHTS_RESERVED
CICT-C-0114,CICT-23,Iṉṉā nāṟpatu,https://library.cict.in/41rarebooks/INNA40-CICT-001 (1).pdf,library.cict.in,200,application/pdf,13739373,https://library.cict.in/41rarebooks/INNA40-CICT-001%20(1).pdf,,False,,0,,False,DOWNLOAD_NOT_REQUESTED_RIGHTS_RESERVED
CICT-C-0115,CICT-23,Iṉṉā nāṟpatu,https://library.cict.in/41rarebooks/INNA40-CICT-001 (2).pdf,library.cict.in,200,application/pdf,6830856,https://library.cict.in/41rarebooks/INNA40-CICT-001%20(2).pdf,,False,,0,,False,DOWNLOAD_NOT_REQUESTED_RIGHTS_RESERVED
CICT-C-0116,CICT-23,Iṉṉā nāṟpatu,https://library.cict.in/41rarebooks/INNA40-CICT-001 (3).pdf,library.cict.in,200,application/pdf,96783136,https://library.cict.in/41rarebooks/INNA40-CICT-001%20(3).pdf,,False,,0,,False,DOWNLOAD_NOT_REQUESTED_RIGHTS_RESERVED
CICT-C-0117,CICT-23,Iṉṉā nāṟpatu,https://library.cict.in/41rarebooks/2025/41-23/41-23-1.pdf,library.cict.in,200,application/pdf,4229284,https://library.cict.in/41rarebooks/2025/41-23/41-23-1.pdf,,False,,0,,False,DOWNLOAD_NOT_REQUESTED_RIGHTS_RESERVED
CICT-C-0118,CICT-24,Iṉiyavai nāṟpatu,https://library.cict.in/41rarebooks/INIYAVAI 40-CICT-001 (1).pdf,library.cict.in,200,application/pdf,5863158,https://library.cict.in/41rarebooks/INIYAVAI%2040-CICT-001%20(1).pdf,,False,,0,,False,DOWNLOAD_NOT_REQUESTED_RIGHTS_RESERVED
CICT-C-0119,CICT-24,Iṉiyavai nāṟpatu,https://library.cict.in/41rarebooks/INIYAVAI 40-CICT-001 (2).pdf,library.cict.in,200,application/pdf,48580143,https://library.cict.in/41rarebooks/INIYAVAI%2040-CICT-001%20(2).pdf,,False,,0,,False,DOWNLOAD_NOT_REQUESTED_RIGHTS_RESERVED
CICT-C-0120,CICT-24,Iṉiyavai nāṟpatu,https://library.cict.in/41rarebooks/INIYAVAI 40-CICT-001 (3).pdf,library.cict.in,200,application/pdf,1388527,https://library.cict.in/41rarebooks/INIYAVAI%2040-CICT-001%20(3).pdf,,False,,0,,False,DOWNLOAD_NOT_REQUESTED_RIGHTS_RESERVED
CICT-C-0121,CICT-24,Iṉiyavai nāṟpatu,https://library.cict.in/41rarebooks/INIYAVAI 40-CICT-001 (4).pdf,library.cict.in,200,application/pdf,25042473,https://library.cict.in/41rarebooks/INIYAVAI%2040-CICT-001%20(4).pdf,,False,,0,,False,DOWNLOAD_NOT_REQUESTED_RIGHTS_RESERVED
CICT-C-0122,CICT-24,Iṉiyavai nāṟpatu,https://library.cict.in/41rarebooks/2025/41-24/41-24-1.pdf,library.cict.in,200,application/pdf,11435136,https://library.cict.in/41rarebooks/2025/41-24/41-24-1.pdf,,False,,0,,False,DOWNLOAD_NOT_REQUESTED_RIGHTS_RESERVED
CICT-C-0123,CICT-25,Kār nāṟpatu,https://library.cict.in/41rarebooks/KAR40-CICT (1).pdf,library.cict.in,200,application/pdf,603616,https://library.cict.in/41rarebooks/KAR40-CICT%20(1).pdf,,False,,0,,False,DOWNLOAD_NOT_REQUESTED_RIGHTS_RESERVED
CICT-C-0124,CICT-25,Kār nāṟpatu,https://library.cict.in/41rarebooks/KAR40-CICT (2).pdf,library.cict.in,200,application/pdf,10358991,https://library.cict.in/41rarebooks/KAR40-CICT%20(2).pdf,,False,,0,,False,DOWNLOAD_NOT_REQUESTED_RIGHTS_RESERVED
CICT-C-0125,CICT-25,Kār nāṟpatu,https://library.cict.in/41rarebooks/KAR40-CICT (3).pdf,library.cict.in,200,application/pdf,6500228,https://library.cict.in/41rarebooks/KAR40-CICT%20(3).pdf,,False,,0,,False,DOWNLOAD_NOT_REQUESTED_RIGHTS_RESERVED
CICT-C-0126,CICT-25,Kār nāṟpatu,https://library.cict.in/41rarebooks/KAR40-CICT (4).pdf,library.cict.in,200,application/pdf,2977344,https://library.cict.in/41rarebooks/KAR40-CICT%20(4).pdf,,False,,0,,False,DOWNLOAD_NOT_REQUESTED_RIGHTS_RESERVED
CICT-C-0127,CICT-25,Kār nāṟpatu,https://library.cict.in/41rarebooks/KAR40-CICT (5).pdf,library.cict.in,200,application/pdf,27273949,https://library.cict.in/41rarebooks/KAR40-CICT%20(5).pdf,,False,,0,,False,DOWNLOAD_NOT_REQUESTED_RIGHTS_RESERVED
CICT-C-0128,CICT-25,Kār nāṟpatu,https://library.cict.in/41rarebooks/2025/41-25/41-25-1.pdf,library.cict.in,200,application/pdf,23802264,https://library.cict.in/41rarebooks/2025/41-25/41-25-1.pdf,,False,,0,,False,DOWNLOAD_NOT_REQUESTED_RIGHTS_RESERVED
CICT-C-0129,CICT-26,Kaḷavaḻi nāṟpatu,https://library.cict.in/41rarebooks/KALAVAZHI40 (1).pdf,library.cict.in,200,application/pdf,39748394,https://library.cict.in/41rarebooks/KALAVAZHI40%20(1).pdf,,False,,0,,False,DOWNLOAD_NOT_REQUESTED_RIGHTS_RESERVED
CICT-C-0130,CICT-26,Kaḷavaḻi nāṟpatu,https://library.cict.in/41rarebooks/KALAVAZHI40 (2).pdf,library.cict.in,200,application/pdf,6758899,https://library.cict.in/41rarebooks/KALAVAZHI40%20(2).pdf,,False,,0,,False,DOWNLOAD_NOT_REQUESTED_RIGHTS_RESERVED
CICT-C-0131,CICT-26,Kaḷavaḻi nāṟpatu,https://library.cict.in/41rarebooks/KALAVAZHI40 (3).pdf,library.cict.in,200,application/pdf,17709456,https://library.cict.in/41rarebooks/KALAVAZHI40%20(3).pdf,,False,,0,,False,DOWNLOAD_NOT_REQUESTED_RIGHTS_RESERVED
CICT-C-0132,CICT-26,Kaḷavaḻi nāṟpatu,https://library.cict.in/41rarebooks/KALAVAZHI40 (4).pdf,library.cict.in,200,application/pdf,31003740,https://library.cict.in/41rarebooks/KALAVAZHI40%20(4).pdf,,False,,0,,False,DOWNLOAD_NOT_REQUESTED_RIGHTS_RESERVED
CICT-C-0133,CICT-27,Aintiṇai aimpatu,https://library.cict.in/41rarebooks/AIN50-CICT (1).pdf,library.cict.in,200,application/pdf,1778695,https://library.cict.in/41rarebooks/AIN50-CICT%20(1).pdf,,False,,0,,False,DOWNLOAD_NOT_REQUESTED_RIGHTS_RESERVED
CICT-C-0134,CICT-27,Aintiṇai aimpatu,https://library.cict.in/41rarebooks/AIN50-CICT (2).pdf,library.cict.in,200,application/pdf,15749795,https://library.cict.in/41rarebooks/AIN50-CICT%20(2).pdf,,False,,0,,False,DOWNLOAD_NOT_REQUESTED_RIGHTS_RESERVED
CICT-C-0135,CICT-28,Aintiṇaiyeḻupatu,https://library.cict.in/41rarebooks/AINTINAI70-CICT (1).pdf,library.cict.in,200,application/pdf,1457680,https://library.cict.in/41rarebooks/AINTINAI70-CICT%20(1).pdf,,False,,0,,False,DOWNLOAD_NOT_REQUESTED_RIGHTS_RESERVED
CICT-C-0136,CICT-28,Aintiṇaiyeḻupatu,https://library.cict.in/41rarebooks/AINTINAI70-CICT (2).pdf,library.cict.in,200,application/pdf,2409591,https://library.cict.in/41rarebooks/AINTINAI70-CICT%20(2).pdf,,False,,0,,False,DOWNLOAD_NOT_REQUESTED_RIGHTS_RESERVED
CICT-C-0137,CICT-29,Tiṇaimoḻi Aimpatu,https://library.cict.in/41rarebooks/TINAIMOZHI50-CICT (1).pdf,library.cict.in,200,application/pdf,5363372,https://library.cict.in/41rarebooks/TINAIMOZHI50-CICT%20(1).pdf,,False,,0,,False,DOWNLOAD_NOT_REQUESTED_RIGHTS_RESERVED
CICT-C-0138,CICT-29,Tiṇaimoḻi Aimpatu,https://library.cict.in/41rarebooks/TINAIMOZHI50-CICT (2).pdf,library.cict.in,200,application/pdf,5536170,https://library.cict.in/41rarebooks/TINAIMOZHI50-CICT%20(2).pdf,,False,,0,,False,DOWNLOAD_NOT_REQUESTED_RIGHTS_RESERVED
CICT-C-0139,CICT-30,Tiṇaimālai Nūṟṟaimpatu,https://library.cict.in/41rarebooks/TINAIMALAI150-CICT.pdf,library.cict.in,200,application/pdf,3723965,https://library.cict.in/41rarebooks/TINAIMALAI150-CICT.pdf,,False,,0,,False,DOWNLOAD_NOT_REQUESTED_RIGHTS_RESERVED
CICT-C-0140,CICT-31,Tirukkuṟaḷ,https://ia800901.us.archive.org/25/items/thirukkural_sanga_ilakkiyam/1812-%20%E0%AE%8E%E0%AE%B2%E0%AF%8D%E0%AE%B2%E0%AF%80%E0%AE%B8%E0%AF%8D%20TIRUKKURAL%20ON%20VIRTUS.pdf,ia800901.us.archive.org,200,application/pdf,41826703,https://ia800706.us.archive.org/19/items/thirukkural_sanga_ilakkiyam/1812-%20%E0%AE%8E%E0%AE%B2%E0%AF%8D%E0%AE%B2%E0%AF%80%E0%AE%B8%E0%AF%8D%20TIRUKKURAL%20ON%20VIRTUS.pdf,,False,,0,,False,DOWNLOAD_NOT_REQUESTED_RIGHTS_RESERVED
CICT-C-0141,CICT-31,Tirukkuṟaḷ,https://ia800901.us.archive.org/25/items/thirukkural_sanga_ilakkiyam/1831%20-%E0%AE%A4%E0%AE%BF%E0%AE%B0%E0%AF%81%E0%AE%95%E0%AF%8D%E0%AE%95%E0%AF%81%E0%AE%B1%E0%AE%B3%E0%AF%8D%20%E0%AE%AE%E0%AF%82%E0%AE%B2%E0%AE%AE%E0%AF%8D-%20%E0%AE%A4%E0%AE%BE%E0%AE%A3%E0%AF%8D%E0%AE%9F%E0%AE%B5%E0%AE%B0%E0%AE%BE%E0%AE%AF%20%E0%AE%AE%E0%AF%81%E0%AE%A4%E0%AE%B2%E0%AE%BF%E0%AE%AF%E0%AE%BE%E0%AE%B0%E0%AF%8D.pdf,ia800901.us.archive.org,200,application/pdf,11511511,https://ia800706.us.archive.org/19/items/thirukkural_sanga_ilakkiyam/1831%20-%E0%AE%A4%E0%AE%BF%E0%AE%B0%E0%AF%81%E0%AE%95%E0%AF%8D%E0%AE%95%E0%AF%81%E0%AE%B1%E0%AE%B3%E0%AF%8D%20%E0%AE%AE%E0%AF%82%E0%AE%B2%E0%AE%AE%E0%AF%8D-%20%E0%AE%A4%E0%AE%BE%E0%AE%A3%E0%AF%8D%E0%AE%9F%E0%AE%B5%E0%AE%B0%E0%AE%BE%E0%AE%AF%20%E0%AE%AE%E0%AF%81%E0%AE%A4%E0%AE%B2%E0%AE%BF%E0%AE%AF%E0%AE%BE%E0%AE%B0%E0%AF%8D.pdf,,False,,0,,False,DOWNLOAD_NOT_REQUESTED_RIGHTS_RESERVED
CICT-C-0142,CICT-31,Tirukkuṟaḷ,https://library.cict.in/41rarebooks/TIRUKURAL-CICT (3).pdf,library.cict.in,200,application/pdf,32553061,https://library.cict.in/41rarebooks/TIRUKURAL-CICT%20(3).pdf,,False,,0,,False,DOWNLOAD_NOT_REQUESTED_RIGHTS_RESERVED
CICT-C-0143,CICT-31,Tirukkuṟaḷ,https://library.cict.in/41rarebooks/TIRUKURAL-CICT (4).pdf,library.cict.in,200,application/pdf,281902451,https://library.cict.in/41rarebooks/TIRUKURAL-CICT%20(4).pdf,,False,,0,,False,DOWNLOAD_NOT_REQUESTED_RIGHTS_RESERVED
CICT-C-0144,CICT-31,Tirukkuṟaḷ,https://library.cict.in/41rarebooks/TIRUKURAL-CICT (6).pdf,library.cict.in,200,application/pdf,135863943,https://library.cict.in/41rarebooks/TIRUKURAL-CICT%20(6).pdf,,False,,0,,False,DOWNLOAD_NOT_REQUESTED_RIGHTS_RESERVED
CICT-C-0145,CICT-31,Tirukkuṟaḷ,https://library.cict.in/41rarebooks/TIRUKURAL-CICT (5).pdf,library.cict.in,200,application/pdf,103804923,https://library.cict.in/41rarebooks/TIRUKURAL-CICT%20(5).pdf,,False,,0,,False,DOWNLOAD_NOT_REQUESTED_RIGHTS_RESERVED
CICT-C-0146,CICT-31,Tirukkuṟaḷ,https://library.cict.in/41rarebooks/TIRUKURAL-CICT (7).pdf,library.cict.in,200,application/pdf,22042278,https://library.cict.in/41rarebooks/TIRUKURAL-CICT%20(7).pdf,,False,,0,,False,DOWNLOAD_NOT_REQUESTED_RIGHTS_RESERVED
CICT-C-0147,CICT-31,Tirukkuṟaḷ,https://library.cict.in/41rarebooks/TIRUKURAL-CICT (8).pdf,library.cict.in,200,application/pdf,15166989,https://library.cict.in/41rarebooks/TIRUKURAL-CICT%20(8).pdf,,False,,0,,False,DOWNLOAD_NOT_REQUESTED_RIGHTS_RESERVED
CICT-C-0148,CICT-31,Tirukkuṟaḷ,https://library.cict.in/41rarebooks/2025/41-31/33 - TIRUKKURAL KAMATHUPPAL.pdf,library.cict.in,200,application/pdf,8774042,https://library.cict.in/41rarebooks/2025/41-31/33%20-%20TIRUKKURAL%20KAMATHUPPAL.pdf,,False,,0,,False,DOWNLOAD_NOT_REQUESTED_RIGHTS_RESERVED
CICT-C-0149,CICT-31,Tirukkuṟaḷ,https://library.cict.in/41rarebooks/2025/41-31/108 GEMS.pdf,library.cict.in,200,application/pdf,2509422,https://library.cict.in/41rarebooks/2025/41-31/108%20GEMS.pdf,,False,,0,,False,DOWNLOAD_NOT_REQUESTED_RIGHTS_RESERVED
CICT-C-0150,CICT-31,Tirukkuṟaḷ,https://library.cict.in/41rarebooks/2025/41-31/ARATHUPPAL-1840.pdf,library.cict.in,200,application/pdf,22180766,https://library.cict.in/41rarebooks/2025/41-31/ARATHUPPAL-1840.pdf,,False,,0,,False,DOWNLOAD_NOT_REQUESTED_RIGHTS_RESERVED
CICT-C-0151,CICT-31,Tirukkuṟaḷ,https://library.cict.in/41rarebooks/2025/41-31/BENGALI.pdf,library.cict.in,200,application/pdf,154157,https://library.cict.in/41rarebooks/2025/41-31/BENGALI.pdf,,False,,0,,False,DOWNLOAD_NOT_REQUESTED_RIGHTS_RESERVED
CICT-C-0152,CICT-31,Tirukkuṟaḷ,https://library.cict.in/41rarebooks/2025/41-31/BURMESE.pdf,library.cict.in,200,application/pdf,402091,https://library.cict.in/41rarebooks/2025/41-31/BURMESE.pdf,,False,,0,,False,DOWNLOAD_NOT_REQUESTED_RIGHTS_RESERVED
CICT-C-0153,CICT-31,Tirukkuṟaḷ,https://library.cict.in/41rarebooks/2025/41-31/Chinese_1967.pdf,library.cict.in,200,application/pdf,4326244,https://library.cict.in/41rarebooks/2025/41-31/Chinese_1967.pdf,,False,,0,,False,DOWNLOAD_NOT_REQUESTED_RIGHTS_RESERVED
CICT-C-0154,CICT-31,Tirukkuṟaḷ,https://library.cict.in/41rarebooks/2025/41-31/GUJARATI.pdf,library.cict.in,200,application/pdf,5376098,https://library.cict.in/41rarebooks/2025/41-31/GUJARATI.pdf,,False,,0,,False,DOWNLOAD_NOT_REQUESTED_RIGHTS_RESERVED
CICT-C-0155,CICT-31,Tirukkuṟaḷ,https://library.cict.in/41rarebooks/2025/41-31/Hindi Tirukural_1967n.pdf,library.cict.in,200,application/pdf,45584989,https://library.cict.in/41rarebooks/2025/41-31/Hindi%20Tirukural_1967n.pdf,,False,,0,,False,DOWNLOAD_NOT_REQUESTED_RIGHTS_RESERVED
CICT-C-0156,CICT-31,Tirukkuṟaḷ,https://library.cict.in/41rarebooks/2025/41-31/mulamumkaruthuraiyum_1889.pdf,library.cict.in,200,application/pdf,20862729,https://library.cict.in/41rarebooks/2025/41-31/mulamumkaruthuraiyum_1889.pdf,,False,,0,,False,DOWNLOAD_NOT_REQUESTED_RIGHTS_RESERVED
CICT-C-0157,CICT-31,Tirukkuṟaḷ,https://library.cict.in/41rarebooks/2025/41-31/TELUGU.pdf,library.cict.in,200,application/pdf,7565506,https://library.cict.in/41rarebooks/2025/41-31/TELUGU.pdf,,False,,0,,False,DOWNLOAD_NOT_REQUESTED_RIGHTS_RESERVED
CICT-C-0158,CICT-31,Tirukkuṟaḷ,https://library.cict.in/41rarebooks/2025/41-31/thirukkural  with english couplets 1982.pdf,library.cict.in,200,application/pdf,46253512,https://library.cict.in/41rarebooks/2025/41-31/thirukkural%20%20with%20english%20couplets%201982.pdf,,False,,0,,False,DOWNLOAD_NOT_REQUESTED_RIGHTS_RESERVED
CICT-C-0159,CICT-32,Tirikaṭukam,https://library.cict.in/41rarebooks/TIRIKADUGAM-CICT (1).pdf,library.cict.in,200,application/pdf,28528410,https://library.cict.in/41rarebooks/TIRIKADUGAM-CICT%20(1).pdf,,False,,0,,False,DOWNLOAD_NOT_REQUESTED_RIGHTS_RESERVED
CICT-C-0160,CICT-32,Tirikaṭukam,https://library.cict.in/41rarebooks/TIRIKADUGAM-CICT (2).pdf,library.cict.in,200,application/pdf,3297225,https://library.cict.in/41rarebooks/TIRIKADUGAM-CICT%20(2).pdf,,False,,0,,False,DOWNLOAD_NOT_REQUESTED_RIGHTS_RESERVED
CICT-C-0161,CICT-32,Tirikaṭukam,https://library.cict.in/41rarebooks/TIRIKADUGAM-CICT (3).pdf,library.cict.in,200,application/pdf,42228579,https://library.cict.in/41rarebooks/TIRIKADUGAM-CICT%20(3).pdf,,False,,0,,False,DOWNLOAD_NOT_REQUESTED_RIGHTS_RESERVED
CICT-C-0162,CICT-33,Ācārakkōvai,https://library.cict.in/41rarebooks/AASARACOVAI-CICT (1).pdf,library.cict.in,200,application/pdf,4591239,https://library.cict.in/41rarebooks/AASARACOVAI-CICT%20(1).pdf,,False,,0,,False,DOWNLOAD_NOT_REQUESTED_RIGHTS_RESERVED
CICT-C-0163,CICT-33,Ācārakkōvai,https://library.cict.in/41rarebooks/AASARACOVAI-CICT (2).pdf,library.cict.in,200,application/pdf,11958142,https://library.cict.in/41rarebooks/AASARACOVAI-CICT%20(2).pdf,,False,,0,,False,DOWNLOAD_NOT_REQUESTED_RIGHTS_RESERVED
CICT-C-0164,CICT-33,Ācārakkōvai,https://library.cict.in/41rarebooks/AASARACOVAI-CICT (3).pdf,library.cict.in,200,application/pdf,5444286,https://library.cict.in/41rarebooks/AASARACOVAI-CICT%20(3).pdf,,False,,0,,False,DOWNLOAD_NOT_REQUESTED_RIGHTS_RESERVED
CICT-C-0165,CICT-34,Paḻamoḻi nāṉūṟu,https://library.cict.in/41rarebooks/PAZHAMOZHI400 (1).pdf,library.cict.in,200,application/pdf,20164392,https://library.cict.in/41rarebooks/PAZHAMOZHI400%20(1).pdf,,False,,0,,False,DOWNLOAD_NOT_REQUESTED_RIGHTS_RESERVED
CICT-C-0166,CICT-34,Paḻamoḻi nāṉūṟu,https://library.cict.in/41rarebooks/PAZHAMOZHI400 (2).pdf,library.cict.in,200,application/pdf,29348631,https://library.cict.in/41rarebooks/PAZHAMOZHI400%20(2).pdf,,False,,0,,False,DOWNLOAD_NOT_REQUESTED_RIGHTS_RESERVED
CICT-C-0167,CICT-34,Paḻamoḻi nāṉūṟu,https://library.cict.in/41rarebooks/PAZHAMOZHI400 (3).pdf,library.cict.in,200,application/pdf,22986598,https://library.cict.in/41rarebooks/PAZHAMOZHI400%20(3).pdf,,False,,0,,False,DOWNLOAD_NOT_REQUESTED_RIGHTS_RESERVED
CICT-C-0168,CICT-34,Paḻamoḻi nāṉūṟu,https://library.cict.in/41rarebooks/PAZHAMOZHI400 (4).pdf,library.cict.in,200,application/pdf,314618624,https://library.cict.in/41rarebooks/PAZHAMOZHI400%20(4).pdf,,False,,0,,False,DOWNLOAD_NOT_REQUESTED_RIGHTS_RESERVED
CICT-C-0169,CICT-35,Ciṟupañcamūlam,https://library.cict.in/41rarebooks/SIRUPANCHA-CICT (1).pdf,library.cict.in,200,application/pdf,16930851,https://library.cict.in/41rarebooks/SIRUPANCHA-CICT%20(1).pdf,,False,,0,,False,DOWNLOAD_NOT_REQUESTED_RIGHTS_RESERVED
CICT-C-0170,CICT-35,Ciṟupañcamūlam,https://library.cict.in/41rarebooks/SIRUPANCHA-CICT (2).pdf,library.cict.in,200,application/pdf,5860665,https://library.cict.in/41rarebooks/SIRUPANCHA-CICT%20(2).pdf,,False,,0,,False,DOWNLOAD_NOT_REQUESTED_RIGHTS_RESERVED
CICT-C-0171,CICT-35,Ciṟupañcamūlam,https://library.cict.in/41rarebooks/SIRUPANCHA-CICT (3).pdf,library.cict.in,200,application/pdf,53186131,https://library.cict.in/41rarebooks/SIRUPANCHA-CICT%20(3).pdf,,False,,0,,False,DOWNLOAD_NOT_REQUESTED_RIGHTS_RESERVED
CICT-C-0172,CICT-36,Mutumoḻik kāñci,https://library.cict.in/41rarebooks/MUDHUMOZHI-CICT (1).pdf,library.cict.in,200,application/pdf,13157326,https://library.cict.in/41rarebooks/MUDHUMOZHI-CICT%20(1).pdf,,False,,0,,False,DOWNLOAD_NOT_REQUESTED_RIGHTS_RESERVED
CICT-C-0173,CICT-36,Mutumoḻik kāñci,https://library.cict.in/41rarebooks/MUDHUMOZHI-CICT (2).pdf,library.cict.in,200,application/pdf,4059916,https://library.cict.in/41rarebooks/MUDHUMOZHI-CICT%20(2).pdf,,False,,0,,False,DOWNLOAD_NOT_REQUESTED_RIGHTS_RESERVED
CICT-C-0174,CICT-36,Mutumoḻik kāñci,https://library.cict.in/41rarebooks/MUDHUMOZHI-CICT (3).pdf,library.cict.in,200,application/pdf,3393475,https://library.cict.in/41rarebooks/MUDHUMOZHI-CICT%20(3).pdf,,False,,0,,False,DOWNLOAD_NOT_REQUESTED_RIGHTS_RESERVED
CICT-C-0175,CICT-37,Ēlāti,https://library.cict.in/41rarebooks/EALATI-CICT (1).pdf,library.cict.in,200,application/pdf,3567335,https://library.cict.in/41rarebooks/EALATI-CICT%20(1).pdf,,False,,0,,False,DOWNLOAD_NOT_REQUESTED_RIGHTS_RESERVED
CICT-C-0176,CICT-37,Ēlāti,https://library.cict.in/41rarebooks/EALATI-CICT (2).pdf,library.cict.in,200,application/pdf,4399419,https://library.cict.in/41rarebooks/EALATI-CICT%20(2).pdf,,False,,0,,False,DOWNLOAD_NOT_REQUESTED_RIGHTS_RESERVED
CICT-C-0177,CICT-37,Ēlāti,https://library.cict.in/41rarebooks/EALATI-CICT (3).pdf,library.cict.in,200,application/pdf,10590447,https://library.cict.in/41rarebooks/EALATI-CICT%20(3).pdf,,False,,0,,False,DOWNLOAD_NOT_REQUESTED_RIGHTS_RESERVED
CICT-C-0178,CICT-38,Kainnilai,https://library.cict.in/41rarebooks/KAINILAI.pdf,library.cict.in,200,application/pdf,1801956,https://library.cict.in/41rarebooks/KAINILAI.pdf,,False,,0,,False,DOWNLOAD_NOT_REQUESTED_RIGHTS_RESERVED
CICT-C-0179,CICT-39,Cilappatikāram,https://library.cict.in/41rarebooks/CILAPADIKARAM-CICT-001 (1).pdf,library.cict.in,200,application/pdf,10594272,https://library.cict.in/41rarebooks/CILAPADIKARAM-CICT-001%20(1).pdf,,False,,0,,False,DOWNLOAD_NOT_REQUESTED_RIGHTS_RESERVED
CICT-C-0180,CICT-39,Cilappatikāram,https://library.cict.in/41rarebooks/CILAPADIKARAM-CICT-001 (2).pdf,library.cict.in,200,application/pdf,4108606,https://library.cict.in/41rarebooks/CILAPADIKARAM-CICT-001%20(2).pdf,,False,,0,,False,DOWNLOAD_NOT_REQUESTED_RIGHTS_RESERVED
CICT-C-0181,CICT-39,Cilappatikāram,https://library.cict.in/41rarebooks/CILAPADIKARAM-CICT-001 (3).pdf,library.cict.in,200,application/pdf,182599891,https://library.cict.in/41rarebooks/CILAPADIKARAM-CICT-001%20(3).pdf,,False,,0,,False,DOWNLOAD_NOT_REQUESTED_RIGHTS_RESERVED
CICT-C-0182,CICT-39,Cilappatikāram,https://library.cict.in/41rarebooks/CILAPADIKARAM-CICT-001 (4).pdf,library.cict.in,200,application/pdf,3347937,https://library.cict.in/41rarebooks/CILAPADIKARAM-CICT-001%20(4).pdf,,False,,0,,False,DOWNLOAD_NOT_REQUESTED_RIGHTS_RESERVED
CICT-C-0183,CICT-39,Cilappatikāram,https://library.cict.in/41rarebooks/CILAPADIKARAM-CICT-001 (5).pdf,library.cict.in,200,application/pdf,59404654,https://library.cict.in/41rarebooks/CILAPADIKARAM-CICT-001%20(5).pdf,,False,,0,,False,DOWNLOAD_NOT_REQUESTED_RIGHTS_RESERVED
CICT-C-0184,CICT-39,Cilappatikāram,https://library.cict.in/41rarebooks/CILAPADIKARAM-CICT-001 (6).pdf,library.cict.in,200,application/pdf,111136276,https://library.cict.in/41rarebooks/CILAPADIKARAM-CICT-001%20(6).pdf,,False,,0,,False,DOWNLOAD_NOT_REQUESTED_RIGHTS_RESERVED
CICT-C-0185,CICT-39,Cilappatikāram,https://library.cict.in/41rarebooks/CILAPADIKARAM-CICT-001 (7).pdf,library.cict.in,200,application/pdf,54465085,https://library.cict.in/41rarebooks/CILAPADIKARAM-CICT-001%20(7).pdf,,False,,0,,False,DOWNLOAD_NOT_REQUESTED_RIGHTS_RESERVED
CICT-C-0186,CICT-39,Cilappatikāram,https://library.cict.in/41rarebooks/CILAPADIKARAM-CICT-001 (8).pdf,library.cict.in,200,application/pdf,10895921,https://library.cict.in/41rarebooks/CILAPADIKARAM-CICT-001%20(8).pdf,,False,,0,,False,DOWNLOAD_NOT_REQUESTED_RIGHTS_RESERVED
CICT-C-0187,CICT-39,Cilappatikāram,https://library.cict.in/41rarebooks/CILAPADIKARAM-CICT-001 (9).pdf,library.cict.in,200,application/pdf,5684718,https://library.cict.in/41rarebooks/CILAPADIKARAM-CICT-001%20(9).pdf,,False,,0,,False,DOWNLOAD_NOT_REQUESTED_RIGHTS_RESERVED
CICT-C-0188,CICT-39,Cilappatikāram,https://library.cict.in/41rarebooks/CILAPADIKARAM-CICT-001 (10).pdf,library.cict.in,200,application/pdf,5004516,https://library.cict.in/41rarebooks/CILAPADIKARAM-CICT-001%20(10).pdf,,False,,0,,False,DOWNLOAD_NOT_REQUESTED_RIGHTS_RESERVED
CICT-C-0189,CICT-39,Cilappatikāram,https://library.cict.in/41rarebooks/CILAPADIKARAM-CICT-001 (11).pdf,library.cict.in,200,application/pdf,93720835,https://library.cict.in/41rarebooks/CILAPADIKARAM-CICT-001%20(11).pdf,,False,,0,,False,DOWNLOAD_NOT_REQUESTED_RIGHTS_RESERVED
CICT-C-0190,CICT-39,Cilappatikāram,https://library.cict.in/41rarebooks/CILAPADIKARAM-CICT-001 (12).pdf,library.cict.in,404,text/html,1245,https://library.cict.in/41rarebooks/CILAPADIKARAM-CICT-001%20(12).pdf,,False,,0,,False,DOWNLOAD_NOT_REQUESTED_RIGHTS_RESERVED
CICT-C-0191,CICT-39,Cilappatikāram,https://library.cict.in/41rarebooks/CILAPADIKARAM-CICT-001 (13).pdf,library.cict.in,404,text/html,1245,https://library.cict.in/41rarebooks/CILAPADIKARAM-CICT-001%20(13).pdf,,False,,0,,False,DOWNLOAD_NOT_REQUESTED_RIGHTS_RESERVED
CICT-C-0192,CICT-39,Cilappatikāram,https://library.cict.in/41rarebooks/CILAPADIKARAM-CICT-001 (14).pdf,library.cict.in,404,text/html,1245,https://library.cict.in/41rarebooks/CILAPADIKARAM-CICT-001%20(14).pdf,,False,,0,,False,DOWNLOAD_NOT_REQUESTED_RIGHTS_RESERVED
CICT-C-0193,CICT-39,Cilappatikāram,https://library.cict.in/41rarebooks/CILAPADIKARAM-CICT-001 (15).pdf,library.cict.in,200,application/pdf,18223859,https://library.cict.in/41rarebooks/CILAPADIKARAM-CICT-001%20(15).pdf,,False,,0,,False,DOWNLOAD_NOT_REQUESTED_RIGHTS_RESERVED
CICT-C-0194,CICT-39,Cilappatikāram,https://library.cict.in/41rarebooks/CILAPADIKARAM-CICT-001 (16).pdf,library.cict.in,200,application/pdf,69446216,https://library.cict.in/41rarebooks/CILAPADIKARAM-CICT-001%20(16).pdf,,False,,0,,False,DOWNLOAD_NOT_REQUESTED_RIGHTS_RESERVED
CICT-C-0195,CICT-39,Cilappatikāram,https://library.cict.in/41rarebooks/CILAPADIKARAM-CICT-001 (17).pdf,library.cict.in,200,application/pdf,8707364,https://library.cict.in/41rarebooks/CILAPADIKARAM-CICT-001%20(17).pdf,,False,,0,,False,DOWNLOAD_NOT_REQUESTED_RIGHTS_RESERVED
CICT-C-0196,CICT-39,Cilappatikāram,https://library.cict.in/41rarebooks/CILAPADIKARAM-CICT-001 (18).pdf,library.cict.in,200,application/pdf,10842781,https://library.cict.in/41rarebooks/CILAPADIKARAM-CICT-001%20(18).pdf,,False,,0,,False,DOWNLOAD_NOT_REQUESTED_RIGHTS_RESERVED
CICT-C-0197,CICT-39,Cilappatikāram,https://library.cict.in/41rarebooks/CILAPADIKARAM-CICT-001 (19).pdf,library.cict.in,200,application/pdf,56510733,https://library.cict.in/41rarebooks/CILAPADIKARAM-CICT-001%20(19).pdf,,False,,0,,False,DOWNLOAD_NOT_REQUESTED_RIGHTS_RESERVED
CICT-C-0198,CICT-39,Cilappatikāram,https://library.cict.in/41rarebooks/2025/41-39/Silapathikaram_1957.pdf,library.cict.in,200,application/pdf,76186488,https://library.cict.in/41rarebooks/2025/41-39/Silapathikaram_1957.pdf,,False,,0,,False,DOWNLOAD_NOT_REQUESTED_RIGHTS_RESERVED
CICT-C-0199,CICT-40,Maṇimēkalai,https://library.cict.in/41rarebooks/MANIMEGALAI -CICT-001 (1).pdf,library.cict.in,200,application/pdf,9482645,https://library.cict.in/41rarebooks/MANIMEGALAI%20-CICT-001%20(1).pdf,,False,,0,,False,DOWNLOAD_NOT_REQUESTED_RIGHTS_RESERVED
CICT-C-0200,CICT-40,Maṇimēkalai,https://library.cict.in/41rarebooks/MANIMEGALAI -CICT-001 (2).pdf,library.cict.in,200,application/pdf,54279166,https://library.cict.in/41rarebooks/MANIMEGALAI%20-CICT-001%20(2).pdf,,False,,0,,False,DOWNLOAD_NOT_REQUESTED_RIGHTS_RESERVED
CICT-C-0201,CICT-40,Maṇimēkalai,https://library.cict.in/41rarebooks/MANIMEGALAI -CICT-001 (3).pdf,library.cict.in,200,application/pdf,43272836,https://library.cict.in/41rarebooks/MANIMEGALAI%20-CICT-001%20(3).pdf,,False,,0,,False,DOWNLOAD_NOT_REQUESTED_RIGHTS_RESERVED
CICT-C-0202,CICT-40,Maṇimēkalai,https://library.cict.in/41rarebooks/MANIMEGALAI -CICT-001 (4).pdf,library.cict.in,200,application/pdf,43933490,https://library.cict.in/41rarebooks/MANIMEGALAI%20-CICT-001%20(4).pdf,,False,,0,,False,DOWNLOAD_NOT_REQUESTED_RIGHTS_RESERVED
CICT-C-0203,CICT-40,Maṇimēkalai,https://library.cict.in/41rarebooks/MANIMEGALAI -CICT-001 (5).pdf,library.cict.in,200,application/pdf,608186824,https://library.cict.in/41rarebooks/MANIMEGALAI%20-CICT-001%20(5).pdf,,False,,0,,False,DOWNLOAD_NOT_REQUESTED_RIGHTS_RESERVED
CICT-C-0204,CICT-40,Maṇimēkalai,https://library.cict.in/41rarebooks/MANIMEGALAI -CICT-001 (6).pdf,library.cict.in,200,application/pdf,8933746,https://library.cict.in/41rarebooks/MANIMEGALAI%20-CICT-001%20(6).pdf,,False,,0,,False,DOWNLOAD_NOT_REQUESTED_RIGHTS_RESERVED
CICT-C-0205,CICT-40,Maṇimēkalai,https://library.cict.in/41rarebooks/2025/41-40/manimegalai_1957.pdf,library.cict.in,200,application/pdf,39711736,https://library.cict.in/41rarebooks/2025/41-40/manimegalai_1957.pdf,,False,,0,,False,DOWNLOAD_NOT_REQUESTED_RIGHTS_RESERVED
CICT-C-0206,CICT-41,Muttoḷḷāyiram,https://library.cict.in/41rarebooks/MUTTOLLAYIRAM-CICT-001 (1).pdf,library.cict.in,200,application/pdf,33805610,https://library.cict.in/41rarebooks/MUTTOLLAYIRAM-CICT-001%20(1).pdf,,False,,0,,False,DOWNLOAD_NOT_REQUESTED_RIGHTS_RESERVED
CICT-C-0207,CICT-41,Muttoḷḷāyiram,https://library.cict.in/41rarebooks/MUTTOLLAYIRAM-CICT-001 (2).pdf,library.cict.in,200,application/pdf,11401188,https://library.cict.in/41rarebooks/MUTTOLLAYIRAM-CICT-001%20(2).pdf,,False,,0,,False,DOWNLOAD_NOT_REQUESTED_RIGHTS_RESERVED
CICT-C-0208,CICT-41,Muttoḷḷāyiram,https://library.cict.in/41rarebooks/MUTTOLLAYIRAM-CICT-001 (3).pdf,library.cict.in,200,application/pdf,254367500,https://library.cict.in/41rarebooks/MUTTOLLAYIRAM-CICT-001%20(3).pdf,,False,,0,,False,DOWNLOAD_NOT_REQUESTED_RIGHTS_RESERVED
CICT-C-0209,CICT-41,Muttoḷḷāyiram,https://library.cict.in/41rarebooks/MUTTOLLAYIRAM-CICT-001 (4).pdf,library.cict.in,200,application/pdf,52650091,https://library.cict.in/41rarebooks/MUTTOLLAYIRAM-CICT-001%20(4).pdf,,False,,0,,False,DOWNLOAD_NOT_REQUESTED_RIGHTS_RESERVED
CICT-C-0210,CICT-41,Muttoḷḷāyiram,https://library.cict.in/41rarebooks/MUTTOLLAYIRAM-CICT-001 (5).pdf,library.cict.in,200,application/pdf,8977692,https://library.cict.in/41rarebooks/MUTTOLLAYIRAM-CICT-001%20(5).pdf,,False,,0,,False,DOWNLOAD_NOT_REQUESTED_RIGHTS_RESERVED
CICT-C-0211,CICT-41,Muttoḷḷāyiram,https://library.cict.in/41rarebooks/2025/41-41/41-41-1.pdf,library.cict.in,200,application/pdf,3854829,https://library.cict.in/41rarebooks/2025/41-41/41-41-1.pdf,,False,,0,,False,DOWNLOAD_NOT_REQUESTED_RIGHTS_RESERVED
CICT-C-0212,CICT-42,Iṟaiyaṉārkaḷaviyal,https://library.cict.in/41rarebooks/IRAIYANAR -CICT-001 (1).pdf,library.cict.in,200,application/pdf,164882771,https://library.cict.in/41rarebooks/IRAIYANAR%20-CICT-001%20(1).pdf,,False,,0,,False,DOWNLOAD_NOT_REQUESTED_RIGHTS_RESERVED
CICT-C-0213,CICT-42,Iṟaiyaṉārkaḷaviyal,https://library.cict.in/41rarebooks/IRAIYANAR -CICT-001 (2).pdf,library.cict.in,200,application/pdf,10235968,https://library.cict.in/41rarebooks/IRAIYANAR%20-CICT-001%20(2).pdf,,False,,0,,False,DOWNLOAD_NOT_REQUESTED_RIGHTS_RESERVED
CICT-C-0214,CICT-42,Iṟaiyaṉārkaḷaviyal,https://library.cict.in/41rarebooks/IRAIYANAR -CICT-001 (3).pdf,library.cict.in,200,application/pdf,104869499,https://library.cict.in/41rarebooks/IRAIYANAR%20-CICT-001%20(3).pdf,,False,,0,,False,DOWNLOAD_NOT_REQUESTED_RIGHTS_RESERVED
CICT-C-0215,CICT-42,Iṟaiyaṉārkaḷaviyal,https://library.cict.in/41rarebooks/IRAIYANAR -CICT-001 (4).pdf,library.cict.in,200,application/pdf,2912037,https://library.cict.in/41rarebooks/IRAIYANAR%20-CICT-001%20(4).pdf,,False,,0,,False,DOWNLOAD_NOT_REQUESTED_RIGHTS_RESERVED
CICT-C-0216,CICT-42,Iṟaiyaṉārkaḷaviyal,https://library.cict.in/41rarebooks/2025/41-42/41-42-1.pdf,library.cict.in,200,application/pdf,59319964,https://library.cict.in/41rarebooks/2025/41-42/41-42-1.pdf,,False,,0,,False,DOWNLOAD_NOT_REQUESTED_RIGHTS_RESERVED
CICT-C-0217,CICT-42,Iṟaiyaṉārkaḷaviyal,https://library.cict.in/41rarebooks/2025/41-42/41-42-2.pdf,library.cict.in,200,application/pdf,44786039,https://library.cict.in/41rarebooks/2025/41-42/41-42-2.pdf,,False,,0,,False,DOWNLOAD_NOT_REQUESTED_RIGHTS_RESERVED
CICT-C-0218,CICT-43,OTHERS,https://library.cict.in/41rarebooks/OTHS-CICT(1).pdf,library.cict.in,200,application/pdf,17753904,https://library.cict.in/41rarebooks/OTHS-CICT(1).pdf,,False,,0,,False,DOWNLOAD_NOT_REQUESTED_RIGHTS_RESERVED
CICT-C-0219,CICT-43,OTHERS,https://library.cict.in/41rarebooks/OTHS-CICT(2).pdf,library.cict.in,200,application/pdf,40384273,https://library.cict.in/41rarebooks/OTHS-CICT(2).pdf,,False,,0,,False,DOWNLOAD_NOT_REQUESTED_RIGHTS_RESERVED
CICT-C-0220,CICT-43,OTHERS,https://library.cict.in/41rarebooks/OTHS-CICT(3).pdf,library.cict.in,200,application/pdf,21264444,https://library.cict.in/41rarebooks/OTHS-CICT(3).pdf,,False,,0,,False,DOWNLOAD_NOT_REQUESTED_RIGHTS_RESERVED
CICT-C-0221,CICT-43,OTHERS,https://library.cict.in/41rarebooks/OTHS-CICT(4).pdf,library.cict.in,200,application/pdf,5073918,https://library.cict.in/41rarebooks/OTHS-CICT(4).pdf,,False,,0,,False,DOWNLOAD_NOT_REQUESTED_RIGHTS_RESERVED
CICT-C-0222,CICT-43,OTHERS,https://library.cict.in/41rarebooks/OTHS-CICT(5).pdf,library.cict.in,200,application/pdf,284408807,https://library.cict.in/41rarebooks/OTHS-CICT(5).pdf,,False,,0,,False,DOWNLOAD_NOT_REQUESTED_RIGHTS_RESERVED
CICT-C-0223,CICT-43,OTHERS,https://library.cict.in/41rarebooks/OTHS-CICT(6).pdf,library.cict.in,200,application/pdf,15138701,https://library.cict.in/41rarebooks/OTHS-CICT(6).pdf,,False,,0,,False,DOWNLOAD_NOT_REQUESTED_RIGHTS_RESERVED
CICT-C-0224,CICT-43,OTHERS,https://library.cict.in/41rarebooks/2025/41-43/kambankavithai.pdf,library.cict.in,200,application/pdf,65725302,https://library.cict.in/41rarebooks/2025/41-43/kambankavithai.pdf,,False,,0,,False,DOWNLOAD_NOT_REQUESTED_RIGHTS_RESERVED
CICT-C-0225,CICT-43,OTHERS,https://library.cict.in/41rarebooks/2025/41-43/madurai 4th tamil sangam.pdf,library.cict.in,200,application/pdf,54912173,https://library.cict.in/41rarebooks/2025/41-43/madurai%204th%20tamil%20sangam.pdf,,False,,0,,False,DOWNLOAD_NOT_REQUESTED_RIGHTS_RESERVED
CICT-C-0226,CICT-43,OTHERS,https://library.cict.in/41rarebooks/2025/41-43/Malayala moli ilakanam part 1_1979.pdf,library.cict.in,200,application/pdf,41448959,https://library.cict.in/41rarebooks/2025/41-43/Malayala%20moli%20ilakanam%20part%201_1979.pdf,,False,,0,,False,DOWNLOAD_NOT_REQUESTED_RIGHTS_RESERVED
CICT-C-0227,CICT-43,OTHERS,https://library.cict.in/41rarebooks/2025/41-43/Malayala moli ilakanam part 2_1983.pdf,library.cict.in,200,application/pdf,81274823,https://library.cict.in/41rarebooks/2025/41-43/Malayala%20moli%20ilakanam%20part%202_1983.pdf,,False,,0,,False,DOWNLOAD_NOT_REQUESTED_RIGHTS_RESERVED
CICT-C-0228,CICT-43,OTHERS,https://library.cict.in/41rarebooks/2025/41-43/Sangam Polaity_1966.pdf,library.cict.in,200,application/pdf,65382349,https://library.cict.in/41rarebooks/2025/41-43/Sangam%20Polaity_1966.pdf,,False,,0,,False,DOWNLOAD_NOT_REQUESTED_RIGHTS_RESERVED
