url,path,http_status,content_type,bytes,sha256
https://sarit.github.io/,acquisitions\staging\sarit\2026-07-12\evidence\official-github-page.html,200,text/html; charset=utf-8,1921,89620bbd7028ec3c772344357301ab5197bdcda08b06f48ab16a258a627e87dc
https://sarit.indology.info/exist/apps/sarit/,acquisitions\staging\sarit\2026-07-12\evidence\live-catalog.html,200,text/html;charset=utf-8,108777,a94a91db77a8936fa22b0609c25add8bce858845781adbdf02d01d457ad5bdbf
https://github.com/sarit/SARIT-corpus,acquisitions\staging\sarit\2026-07-12\evidence\github-repository.html,200,text/html; charset=utf-8,572370,3e9d896f4da01a42f93f4977c4bd492323253d1d91127bab4b81989cf9d09672
https://textgridrep.org/project/TGPR-2ba9cb1b-9602-202d-71ce-67e63a29de55,acquisitions\staging\textgrid-gretil\2026-07-12\evidence\project-page.html,200,text/html;charset=UTF-8,21461,9dff4db12a6371a2dae1235286adae5dcb438f1b092ee4c8634558a7262ac483
https://textgridlab.org/1.0/tgsearch-public/search,acquisitions\staging\textgrid-gretil\2026-07-12\evidence\work-search.xml,200,application/xml,2542706,2a6964adaf5a2316e50c9f10e83916195b0c910106fb0751907d8de869319a7f
https://textgridlab.org/1.0/tgsearch-public/search,acquisitions\staging\textgrid-gretil\2026-07-12\evidence\edition-search.xml,200,application/xml,1713740,de3b7e7d98cafdc75b2658a4862b74f56e1e52961017476315ad820757ef8d33
https://textgridlab.org/1.0/tgsearch-public/search,acquisitions\staging\textgrid-gretil\2026-07-12\evidence\text-search.xml,200,application/xml,2307961,2ceaaa32c678e60d3a55978c93ccd169fab8e473d48274494d01c4cd7ffebf08
https://library.cict.in/ebooks.html,acquisitions\staging\cict\2026-07-12\evidence\ebooks.html,200,text/html,35099,188dfa6f7beeea87a593a474025ddd40cbf6d0b1830b63a923ef9d13d2b3db2e
https://library.cict.in/41-1-tol.html,acquisitions\staging\cict\2026-07-12\evidence\category-01.html,200,text/html,53778,a0b69e7a3de186eddf55f7f697b4e76b3f7954c34f37ddd3707c3fed51d86071
https://library.cict.in/41-2-nat.html,acquisitions\staging\cict\2026-07-12\evidence\category-02.html,200,text/html,25264,36a2b5038e5b4d65335b06d3f44f726ab914426e8ecbf3b630f4c6910bd4d9a2
https://library.cict.in/41-3-kuru.html,acquisitions\staging\cict\2026-07-12\evidence\category-03.html,200,text/html,26159,6811fc1b76ff3777473bbab0bc5720e3d4b859fe44813e32d544a91284a44c43
https://library.cict.in/41-4-ain.html,acquisitions\staging\cict\2026-07-12\evidence\category-04.html,200,text/html,24817,9617809afce1837ccab7821d31768b15c76117b6c20678b855adaee3c5ac9ed5
https://library.cict.in/41-5-pat.html,acquisitions\staging\cict\2026-07-12\evidence\category-05.html,200,text/html,27059,99dad4e12402d2934e2e5fecb5b10f8743ff623e5898f500d8f007ccedf685a1
https://library.cict.in/41-6-pari.html,acquisitions\staging\cict\2026-07-12\evidence\category-06.html,200,text/html,23564,32e5aaf96fd5cf84fc8852e43b74638dcd2183d10d9d6ffa4249262667938244
https://library.cict.in/41-7-kali.html,acquisitions\staging\cict\2026-07-12\evidence\category-07.html,200,text/html,24042,0e7f66d63d684844a9b4e0cc4ef150bf72138006a395a3b0b00e63ad61652111
https://library.cict.in/41-8-akan.html,acquisitions\staging\cict\2026-07-12\evidence\category-08.html,200,text/html,26323,6fa5a4c445ec40240a0d408e8382e31c33fa124504dc2be7d0045fdf8efd2ed7
https://library.cict.in/41-9-pura.html,acquisitions\staging\cict\2026-07-12\evidence\category-09.html,200,text/html,25702,cea9caac98ac4985acac4738065bca4670a3b103bf2fa38cf308ea837aa21e16
https://library.cict.in/41-10-pp.html,acquisitions\staging\cict\2026-07-12\evidence\category-10.html,200,text/html,24940,5d9a5bab43812513ced3e315141e825807eac9177066a27ab8a35156a7d94b4c
https://library.cict.in/41-11-tpadai.html,acquisitions\staging\cict\2026-07-12\evidence\category-11.html,200,text/html,27391,eaf8ccac77c4cd2b4acf9f37fcdd1b11da7aaa078642e207582c0bb9ef47a916
https://library.cict.in/41-12-ppadai.html,acquisitions\staging\cict\2026-07-12\evidence\category-12.html,200,text/html,23179,a5a76cf9d6c8b939b3529cbf577e49ddb533b46d00a3dbc64c4d37ddb134bfd5
https://library.cict.in/41-13-cpadai.html,acquisitions\staging\cict\2026-07-12\evidence\category-13.html,200,text/html,23752,34f66d0d18be157d58c29cee487b1d283720ab202937bd22b1da159de039ef9c
https://library.cict.in/41-14-pppadai.html,acquisitions\staging\cict\2026-07-12\evidence\category-14.html,200,text/html,23314,e306c7085e9b6e09819d68317c4c5126cac5f11891b1f4e299afc3bb1a30f2e5
https://library.cict.in/41-15-mullai.html,acquisitions\staging\cict\2026-07-12\evidence\category-15.html,200,text/html,23100,5de0959e5b05a8c1def7fb8f1457d007dfeb81d2576dfef322c092fb1b4827ea
https://library.cict.in/41-16-madurai.html,acquisitions\staging\cict\2026-07-12\evidence\category-16.html,200,text/html,22681,52c5a47670ed729f3ac9fcf25207a430a9bedc8f312c94a9b2a45661a12f0d3a
https://library.cict.in/41-17-nedu.html,acquisitions\staging\cict\2026-07-12\evidence\category-17.html,200,text/html,23481,c6a4fcc668efbd31b67de17293515c3e1fe918d97558aa3fad85853c556484ec
https://library.cict.in/41-18-kurunji.html,acquisitions\staging\cict\2026-07-12\evidence\category-18.html,200,text/html,22670,749833411d9624b4372710a02fc70c10b43d598f18e65bf0d7085b0ec99ca989
https://library.cict.in/41-19-ppalai.html,acquisitions\staging\cict\2026-07-12\evidence\category-19.html,200,text/html,24841,706b70a92d69a998d9389281870c701863032a22b0680a064911f085de411d53
https://library.cict.in/41-20-malai.html,acquisitions\staging\cict\2026-07-12\evidence\category-20.html,200,text/html,23717,ab0c02245c485d83adb9becd161da05f0f5b25cffff6b1359dfc797fd09bb419
https://library.cict.in/41-21-naladi.html,acquisitions\staging\cict\2026-07-12\evidence\category-21.html,200,text/html,26666,1c15c63a42a2727f212ed59024e0886187b0b8142027bc70025b75c60fe7f143
https://library.cict.in/41-22-naan.html,acquisitions\staging\cict\2026-07-12\evidence\category-22.html,200,text/html,24168,80a8ba1710781d37ec2bd53f32786a3d705f676fa51f728a198ff7e5cf9e00dd
https://library.cict.in/41-23-inna.html,acquisitions\staging\cict\2026-07-12\evidence\category-23.html,200,text/html,24515,c87486525c5a2f6c35df3f5d61ee60c8882398c792bc0fac671335723ac33fc1
https://library.cict.in/41-24-iniyavai.html,acquisitions\staging\cict\2026-07-12\evidence\category-24.html,200,text/html,25372,c2c3df8b8bb291cf335cd86d800882faaaf3abb3692f42aec7f5392b288ef120
https://library.cict.in/41-25-kaar.html,acquisitions\staging\cict\2026-07-12\evidence\category-25.html,200,text/html,25682,3e153e7d62947157b00bf2d82a0e3796c2a44adfd45da4333389a87ecdcf31b4
https://library.cict.in/41-26-kala.html,acquisitions\staging\cict\2026-07-12\evidence\category-26.html,200,text/html,24728,ca19807447e29d246af1253a37aee45ef409a0bc6c4aebaf677001625d049065
https://library.cict.in/41-27-ain50.html,acquisitions\staging\cict\2026-07-12\evidence\category-27.html,200,text/html,22717,dca6e909676b3d839e271f4c4c121487691a2bcce2b0430a269c462e8c9b0158
https://library.cict.in/41-28-ain70.html,acquisitions\staging\cict\2026-07-12\evidence\category-28.html,200,text/html,23054,47e1b9792ccf4e4b58d08f74764b90eb90be19a6696f5d0335cde2a738ebdac8
https://library.cict.in/41-29-tinai50.html,acquisitions\staging\cict\2026-07-12\evidence\category-29.html,200,text/html,23101,9eb6484b5f55773575cbdf0c3c17ce0573aa05a9f222afd9d9c71ebe46cdbad5
https://library.cict.in/41-30-tinaim150.html,acquisitions\staging\cict\2026-07-12\evidence\category-30.html,200,text/html,22555,2ea577581772458a0e4f76f04a431d31641b4e1a92cc0c588b88b71be2531216
https://library.cict.in/41-31-tiruk.html,acquisitions\staging\cict\2026-07-12\evidence\category-31.html,200,text/html,34924,97e7d171f7e6dcc162f482fda063d06d72a4c08c3f6a8b840cf38d0e22f1b5bb
https://library.cict.in/41-32-tirik.html,acquisitions\staging\cict\2026-07-12\evidence\category-32.html,200,text/html,24241,01efb7cf0890bfe0d483010443f29dfcb57bb953eef5309644fe3a4347cb0bd4
https://library.cict.in/41-33-asar.html,acquisitions\staging\cict\2026-07-12\evidence\category-33.html,200,text/html,23556,7ec420f4653a25b880947e213755b59f5959af208bcfb1d0d4dc778d61c89dad
https://library.cict.in/41-34-pala.html,acquisitions\staging\cict\2026-07-12\evidence\category-34.html,200,text/html,24443,117135b9c930cff86586184e801c8355d2d20c1cb26b22b1c3203b5b91d38119
https://library.cict.in/41-35-siru.html,acquisitions\staging\cict\2026-07-12\evidence\category-35.html,200,text/html,24045,5696f0c9cf7236f66d9b47d52f8419edbcb35ef66c24f92884847dbc9f2737d6
https://library.cict.in/41-36-mudhu.html,acquisitions\staging\cict\2026-07-12\evidence\category-36.html,200,text/html,24057,d9ff35ab3531b151c0a0e9a9f69bcb90f970b031cc15db3834866391e3c5d48a
https://library.cict.in/41-37-elati.html,acquisitions\staging\cict\2026-07-12\evidence\category-37.html,200,text/html,23833,85807de3f1d242e2ed1a891638d1f45f5768f0aad5c0f4a2d21619cd5d25c53d
https://library.cict.in/41-38-kain.html,acquisitions\staging\cict\2026-07-12\evidence\category-38.html,200,text/html,22602,17f38f3830677844c45ecc39fb9c92373a83b108c826af94537dc0ab8c044b25
https://library.cict.in/41-39-silap.html,acquisitions\staging\cict\2026-07-12\evidence\category-39.html,200,text/html,35859,5b486836a7466f93c8e115babaa480d4b5284913803f4bb22b2296615280351e
https://library.cict.in/41-40-manim.html,acquisitions\staging\cict\2026-07-12\evidence\category-40.html,200,text/html,26575,f8f6e46d3dfb0a0b7bd3f039ce16dadda94ce8bc2615ee497a97e8bab7dba55c
https://library.cict.in/41-41-muthol.html,acquisitions\staging\cict\2026-07-12\evidence\category-41.html,200,text/html,25842,6d03f9026b9f0f070a5ea1b460bce827ca5f5fd2e4efffa52b7b0489ed15faff
https://library.cict.in/41-42-irai.html,acquisitions\staging\cict\2026-07-12\evidence\category-42.html,200,text/html,25686,442968ad546985de51b62ef3a425a037e7d7d59af3ba3ae455682827a24cd8b8
https://library.cict.in/41-43-oths.html,acquisitions\staging\cict\2026-07-12\evidence\category-43.html,200,text/html,28173,0f81f1f5c634da79471bbd4284781d967f5c1c4a90f0b3a8455a70e2b9f4818c
https://sanskritdocuments.org/,acquisitions\staging\sanskrit-documents\2026-07-12\evidence\home.html,200,text/html; charset=UTF-8,34370,d1a3e1e8a7eff48faaf0c6931774335c50f246757a5081512b575d227a7b0bf7
https://sanskritdocuments.org/faq/,acquisitions\staging\sanskrit-documents\2026-07-12\evidence\faq.html,200,text/html; charset=UTF-8,213732,e215c53a9a2ac3c04f51484e2e373e51f8b23def0ca6913edee8486f497128e0
https://sanskritdocuments.org/robots.txt,acquisitions\staging\sanskrit-documents\2026-07-12\evidence\robots.txt,200,text/plain; charset=utf-8,345,6343f1e8ce9f7e51165511b9549339c817d898c1e541e8941d5ebf30c46437b1
