carrier_id,sarit_item_id,relative_path,format,bytes,sha256,xml_well_formed,integrity_error,acquired,source_commit
SARIT-C-001,SARIT-001,acquisitions\staging\sarit\2026-07-12\upstream\SARIT-corpus\arunadatta-sarvangasundara.xml,TEI_XML,9125548,22d1e904f8dc224bee9dd8003c51a50dbdb7872d0ef5b106b2ab30f136305f9e,True,,True,1eac9ee0b055c8d11147edac4a75c76008ccc363
SARIT-C-002,SARIT-002,acquisitions\staging\sarit\2026-07-12\upstream\SARIT-corpus\asvaghosa-buddhacarita.xml,TEI_XML,287924,60da18bf9628804ff28014df67fc61d6cf69a7fbe96ad8835fab95a6e2fe7e4b,True,,True,1eac9ee0b055c8d11147edac4a75c76008ccc363
SARIT-C-003,SARIT-003,acquisitions\staging\sarit\2026-07-12\upstream\SARIT-corpus\astangahrdayasamhita.xml,TEI_XML,3035562,e97918f5aece5c6763a64082826568e4c81947af020ea653af098484343e57ed,True,,True,1eac9ee0b055c8d11147edac4a75c76008ccc363
SARIT-C-004,SARIT-004,acquisitions\staging\sarit\2026-07-12\upstream\SARIT-corpus\astangasangraha.xml,TEI_XML,3013341,ab5b7597e3c1a409893be12e5740f8924caa4d3fdc4153200897e2cfdef783c4,True,,True,1eac9ee0b055c8d11147edac4a75c76008ccc363
SARIT-C-005,SARIT-005,acquisitions\staging\sarit\2026-07-12\upstream\SARIT-corpus\astavakragita.xml,TEI_XML,69374,e4b8ec94da469e59ba30e5cb461575ecdf49c704002e7be81cbf9b2655e78036,True,,True,1eac9ee0b055c8d11147edac4a75c76008ccc363
SARIT-C-006,SARIT-006,acquisitions\staging\sarit\2026-07-12\upstream\SARIT-corpus\avayavinirakarana.xml,TEI_XML,55947,ed21a25907227ccb0e2db86465e1de8dda905ec8c0ddef4ada4f8a88f0de79f5,True,,True,1eac9ee0b055c8d11147edac4a75c76008ccc363
SARIT-C-007,SARIT-007,acquisitions\staging\sarit\2026-07-12\upstream\SARIT-corpus\ayurvedasutram.xml,TEI_XML,78665,c3aa81b6278538c134d0eaab761c788d1d396fa25afb602d51ca4e80671402b6,True,,True,1eac9ee0b055c8d11147edac4a75c76008ccc363
SARIT-C-008,SARIT-008,acquisitions\staging\sarit\2026-07-12\upstream\SARIT-corpus\bhartrhari-vakyapadiya.xml,TEI_XML,374438,e2305c1f13fd6c534ad2fd3953decc7879a9cf7d2d942d42cdc0ecf42e479a94,True,,True,1eac9ee0b055c8d11147edac4a75c76008ccc363
SARIT-C-009,SARIT-009,acquisitions\staging\sarit\2026-07-12\upstream\SARIT-corpus\bhoja-rajamartanda.xml,TEI_XML,296320,fa25458d53d9f1ec2326edd1d3fdda4a44b5336d9567c67e2a59b57156e1f3a9,True,,True,1eac9ee0b055c8d11147edac4a75c76008ccc363
SARIT-C-010,SARIT-010,acquisitions\staging\sarit\2026-07-12\upstream\SARIT-corpus\brahmapurana.xml,TEI_XML,3816691,16339c3a9fcf96469284b74e5e037beba130ac177bf9556cc71813ea7f300eb3,True,,True,1eac9ee0b055c8d11147edac4a75c76008ccc363
SARIT-C-011,SARIT-011,acquisitions\staging\sarit\2026-07-12\upstream\SARIT-corpus\cakradatta.xml,TEI_XML,1456360,e57a58a29800346287f541aa2620e638a64c4390b8f6a5344df1c8ad3f6b4d1d,True,,True,1eac9ee0b055c8d11147edac4a75c76008ccc363
SARIT-C-012,SARIT-012,acquisitions\staging\sarit\2026-07-12\upstream\SARIT-corpus\carakasamhita.xml,TEI_XML,3554317,67f1eed7dff5c63572787cbf5ff629182ea5d5ea804d87aa29b0406aeda5509a,True,,True,1eac9ee0b055c8d11147edac4a75c76008ccc363
SARIT-C-013,SARIT-013,acquisitions\staging\sarit\2026-07-12\upstream\SARIT-corpus\caryamelapakapradipa.xml,TEI_XML,973678,c58e7c30691b9396fd898003ce47eebe7e29482c549df01c030b8d62306c9004,True,,True,1eac9ee0b055c8d11147edac4a75c76008ccc363
SARIT-C-014,SARIT-014,acquisitions\staging\sarit\2026-07-12\upstream\SARIT-corpus\dasarupaka.xml,TEI_XML,1169078,40ffcf56c839a470911d527973b1d4354a54547d3eeb20357fc0b08655e0247b,True,,True,1eac9ee0b055c8d11147edac4a75c76008ccc363
SARIT-C-015,SARIT-015,acquisitions\staging\sarit\2026-07-12\upstream\SARIT-corpus\dharmottarapradipa.xml,TEI_XML,2094170,2d0013dd1a5123911351568952797a070121fea4cfb42aca990b4eacc086ceb0,True,,True,1eac9ee0b055c8d11147edac4a75c76008ccc363
SARIT-C-016,SARIT-016,acquisitions\staging\sarit\2026-07-12\upstream\SARIT-corpus\dharmottaratippanaka.xml,TEI_XML,707425,8921c3038491afab46f7974ebbb2f3929610330e5863aa8961dd4030326bb9df,True,,True,1eac9ee0b055c8d11147edac4a75c76008ccc363
SARIT-C-017,SARIT-017,acquisitions\staging\sarit\2026-07-12\upstream\SARIT-corpus\dvadasara_nayacakra.xml,TEI_XML,8435985,1f73b1867fb812a60d8a4ef4eb69d4abddb966407b3447b03ee5eed228a60da4,True,,True,1eac9ee0b055c8d11147edac4a75c76008ccc363
SARIT-C-018,SARIT-018,acquisitions\staging\sarit\2026-07-12\upstream\SARIT-corpus\govindabhagavatpada-rasahrdayatantra.xml,TEI_XML,634672,86acc2d09dd09293c62fb7aacc327e1328a48ef16870d8623808e41e450d27ed,True,,True,1eac9ee0b055c8d11147edac4a75c76008ccc363
SARIT-C-019,SARIT-019,acquisitions\staging\sarit\2026-07-12\upstream\SARIT-corpus\jitari-isvaravadimatapariksa.xml,TEI_XML,31671,0cc9adf44d57db706aa2865227ab86e9cc3afd35e6408ff0f950107a6a2b25ce,True,,True,1eac9ee0b055c8d11147edac4a75c76008ccc363
SARIT-C-020,SARIT-020,acquisitions\staging\sarit\2026-07-12\upstream\SARIT-corpus\jitari-jatinirakrti.xml,TEI_XML,62660,2f4f9947ba00c415b9ba155c09f4516d5c2a0a2eac6d99ac8538924d94c0a562,True,,True,1eac9ee0b055c8d11147edac4a75c76008ccc363
SARIT-C-021,SARIT-021,acquisitions\staging\sarit\2026-07-12\upstream\SARIT-corpus\jitari-nairatmyasiddhi.xml,TEI_XML,10977,47987cfa0f572fafdcdc11046607caafabca8baa30f1095f4d9a3a0495cccdd1,True,,True,1eac9ee0b055c8d11147edac4a75c76008ccc363
SARIT-C-022,SARIT-022,acquisitions\staging\sarit\2026-07-12\upstream\SARIT-corpus\jitari-sarvajnasiddhi.xml,TEI_XML,15699,3c0ec1d20192a5e125e3ae61d41e5e672bdb4d3fa0c172b8f2e918854edfe899,True,,True,1eac9ee0b055c8d11147edac4a75c76008ccc363
SARIT-C-023,SARIT-023,acquisitions\staging\sarit\2026-07-12\upstream\SARIT-corpus\jitari-vedapramanyasiddhi.xml,TEI_XML,27042,79c163aff75be7145e473667967392cb151c052490d97825a7dc6df42dd769ec,True,,True,1eac9ee0b055c8d11147edac4a75c76008ccc363
SARIT-C-024,SARIT-024,acquisitions\staging\sarit\2026-07-12\upstream\SARIT-corpus\jnanasrimitra-nibandhavali.xml,TEI_XML,3034098,2b2de0d230ffa8a425b07fe1050eb1d412c6bf6ac28dcc61058a1cc5bd047884,True,,True,1eac9ee0b055c8d11147edac4a75c76008ccc363
SARIT-C-025,SARIT-025,acquisitions\staging\sarit\2026-07-12\upstream\SARIT-corpus\kautalyarthasastra.xml,TEI_XML,985605,dd7736ee66bd5564c3a8535d3d5834bfbcfd36cc0e07b45c1916fbff411508e7,True,,True,1eac9ee0b055c8d11147edac4a75c76008ccc363
SARIT-C-026,SARIT-026,acquisitions\staging\sarit\2026-07-12\upstream\SARIT-corpus\kumarila-tantravarttika.xml,TEI_XML,4603054,600405f4c19d779ee6eb64eac5a167342be1084379bdd696e9d2c217b548302e,True,,True,1eac9ee0b055c8d11147edac4a75c76008ccc363
SARIT-C-027,SARIT-027,acquisitions\staging\sarit\2026-07-12\upstream\SARIT-corpus\mahabharata-devanagari.xml,TEI_XML,39081997,6444666efdd0470a7841df680409d5e479a7dcd6fc16ffb644b4649704e2c9b4,True,,True,1eac9ee0b055c8d11147edac4a75c76008ccc363
SARIT-C-028,SARIT-028,acquisitions\staging\sarit\2026-07-12\upstream\SARIT-corpus\manusmrti.xml,TEI_XML,1348379,060d5a7e49ecb45af9e1f14a5d33504cf289c0894fced14f66541068eec771c9,True,,True,1eac9ee0b055c8d11147edac4a75c76008ccc363
SARIT-C-029,SARIT-029,acquisitions\staging\sarit\2026-07-12\upstream\SARIT-corpus\naradasmrti.xml,TEI_XML,379108,afab7047e597ccce07f9e2d27c5ea6f8dba7775735ed3f113fb577e2f524f92e,True,,True,1eac9ee0b055c8d11147edac4a75c76008ccc363
SARIT-C-030,SARIT-030,acquisitions\staging\sarit\2026-07-12\upstream\SARIT-corpus\nityanatha-rasaratnakara-rasayanakhanda.xml,TEI_XML,288717,b54df364c9afb7ff68ac3b1ec8b154cb8d3ec0f64b73aef37be9377e79a542ec,True,,True,1eac9ee0b055c8d11147edac4a75c76008ccc363
SARIT-C-031,SARIT-031,acquisitions\staging\sarit\2026-07-12\upstream\SARIT-corpus\nyayakumudacandra.xml,TEI_XML,7848161,48392d3e0f77338d71d5293879f28b6dedfb439e7bc1ed9742aca55947d3f491,True,,True,1eac9ee0b055c8d11147edac4a75c76008ccc363
SARIT-C-032,SARIT-032,acquisitions\staging\sarit\2026-07-12\upstream\SARIT-corpus\nyayamanjari.xml,TEI_XML,6994812,1c728214f0da38a2a285e9fc2511158967da6b74ab017d747b3cf8aba3f42e2e,True,,True,1eac9ee0b055c8d11147edac4a75c76008ccc363
SARIT-C-033,SARIT-033,acquisitions\staging\sarit\2026-07-12\upstream\SARIT-corpus\nyayavarttikatatparyatika.xml,TEI_XML,3749316,e82fb1f424b80ec48867db5e4407b4fc29961a226bda3b35afc4154301ab2a85,True,,True,1eac9ee0b055c8d11147edac4a75c76008ccc363
SARIT-C-034,SARIT-034,acquisitions\staging\sarit\2026-07-12\upstream\SARIT-corpus\patanjalayogasastra.xml,TEI_XML,211003,6640b769b1a9e61a19291063982b1b8a39ce2be81aefa77de500fc7bcc5f14a7,True,,True,1eac9ee0b055c8d11147edac4a75c76008ccc363
SARIT-C-035,SARIT-035,acquisitions\staging\sarit\2026-07-12\upstream\SARIT-corpus\pramanamimamsa-and-vrtti.xml,TEI_XML,588277,237877a2e9adc25d444c2314cabdd590f514d49a65872f51b8d3d89479736ea6,True,,True,1eac9ee0b055c8d11147edac4a75c76008ccc363
SARIT-C-036,SARIT-036,acquisitions\staging\sarit\2026-07-12\upstream\SARIT-corpus\pramanantarbhava.xml,TEI_XML,184797,59a60ede39d7a957a4eb2ddc336d874238fef789f5dc673aac892a6605a8dd36,True,,True,1eac9ee0b055c8d11147edac4a75c76008ccc363
SARIT-C-037,SARIT-037,acquisitions\staging\sarit\2026-07-12\upstream\SARIT-corpus\pramanavarttikalankarabhasya.xml,TEI_XML,4800369,a1dda87be1249faf351697bfea08fed76bee36468a151ee8e85e18f7f9c3f7d8,True,,True,1eac9ee0b055c8d11147edac4a75c76008ccc363
SARIT-C-038,SARIT-038,acquisitions\staging\sarit\2026-07-12\upstream\SARIT-corpus\pramanavarttikaparisista-1.xml,TEI_XML,119494,552cb054ef2789bf2bd6547b00a1ed8df2ba44d1a5d0de4cd9785c72a5891a4d,True,,True,1eac9ee0b055c8d11147edac4a75c76008ccc363
SARIT-C-039,SARIT-039,acquisitions\staging\sarit\2026-07-12\upstream\SARIT-corpus\pramanavarttikasvavrttitika.xml,TEI_XML,3554084,c6970f361bcb22bea0b3c3720a5e4793440a8fa6003edcc67b4fa77d0c86d1e5,True,,True,1eac9ee0b055c8d11147edac4a75c76008ccc363
SARIT-C-040,SARIT-040,acquisitions\staging\sarit\2026-07-12\upstream\SARIT-corpus\pramanavarttikavrtti.xml,TEI_XML,3045090,c1d3d5e948d1b25e3952a45a167e55a3d702f575a710358e3e91e6f0ebffedfb,True,,True,1eac9ee0b055c8d11147edac4a75c76008ccc363
SARIT-C-041,SARIT-041,acquisitions\staging\sarit\2026-07-12\upstream\SARIT-corpus\prasastapada-padarthadharmasangraha.xml,TEI_XML,299532,d941d89a394118f20d9b7d89ddcfdc480d3547bf321165e0676da1aa8d53bbdf,True,,True,1eac9ee0b055c8d11147edac4a75c76008ccc363
SARIT-C-042,SARIT-042,acquisitions\staging\sarit\2026-07-12\upstream\SARIT-corpus\pravarasena-setubandha.xml,TEI_XML,351736,f539c86587d48d356a578af0b66f80799653d0e284b64b7df2b2f5f06797d694,True,,True,1eac9ee0b055c8d11147edac4a75c76008ccc363
SARIT-C-043,SARIT-043,acquisitions\staging\sarit\2026-07-12\upstream\SARIT-corpus\ratnakirti-nibandhavali.xml,TEI_XML,532392,5d610d360a94db58a8532b561c5682f2e543a645f2cc0b953b6ba41179679ca6,True,,True,1eac9ee0b055c8d11147edac4a75c76008ccc363
SARIT-C-044,SARIT-044,acquisitions\staging\sarit\2026-07-12\upstream\SARIT-corpus\ratnasritika-dn.xml,TEI_XML,1278067,5994d02ecf32098d0c10533a74df012cf9f9f66ea26641172e1c966167975604,True,,True,1eac9ee0b055c8d11147edac4a75c76008ccc363
SARIT-C-045,SARIT-045,acquisitions\staging\sarit\2026-07-12\upstream\SARIT-corpus\samanyadusana.xml,TEI_XML,34336,dc1d3b7d7b28bdfbbe751f0f729581d4cd16202d986255cc190bc0836c281007,True,,True,1eac9ee0b055c8d11147edac4a75c76008ccc363
SARIT-C-046,SARIT-046,acquisitions\staging\sarit\2026-07-12\upstream\SARIT-corpus\sarasvatikanthabharana-dn.xml,TEI_XML,3225129,d1d7e518316296aeb9e9100f048413846f8d6e9156370dcd858fb37407659cb3,True,,True,1eac9ee0b055c8d11147edac4a75c76008ccc363
SARIT-C-047,SARIT-047,acquisitions\staging\sarit\2026-07-12\upstream\SARIT-corpus\siddhayoga.xml,TEI_XML,1118677,ff2ed234ae0acd96cfe0677e80135e87a644962f159aff31ed7a995322042df2,True,,True,1eac9ee0b055c8d11147edac4a75c76008ccc363
SARIT-C-048,SARIT-048,acquisitions\staging\sarit\2026-07-12\upstream\SARIT-corpus\siddhiviniscayatika.xml,TEI_XML,6721103,347c173dab74d3984310a994982a592946fce00f7e18d07c929d086e4b486807,True,,True,1eac9ee0b055c8d11147edac4a75c76008ccc363
SARIT-C-049,SARIT-049,acquisitions\staging\sarit\2026-07-12\upstream\SARIT-corpus\skandapurana.xml,TEI_XML,1304460,42b8c6fd6e2b3efa693042c7ad8253d57a68aa689386e5e467632aabc2c71c9c,True,,True,1eac9ee0b055c8d11147edac4a75c76008ccc363
SARIT-C-050,SARIT-050,acquisitions\staging\sarit\2026-07-12\upstream\SARIT-corpus\susrutasamhita.xml,TEI_XML,2843572,49ab01406e86c71c8b0341974cea97ff7922658fb5702d81b58e9d231aefd339,True,,True,1eac9ee0b055c8d11147edac4a75c76008ccc363
SARIT-C-051,SARIT-051,acquisitions\staging\sarit\2026-07-12\upstream\SARIT-corpus\tarkabhasa.xml,TEI_XML,290561,3624cb8bfb537e24bd6e6055864733abc264c3e4b286e7b88b7c67f221839a40,True,,True,1eac9ee0b055c8d11147edac4a75c76008ccc363
SARIT-C-052,SARIT-052,acquisitions\staging\sarit\2026-07-12\upstream\SARIT-corpus\tarkarahasya.xml,TEI_XML,494369,6bafb72400ea76afc2777a44018a207990e939a01eedb20bf93d8dbdeed85858,True,,True,1eac9ee0b055c8d11147edac4a75c76008ccc363
SARIT-C-053,SARIT-053,acquisitions\staging\sarit\2026-07-12\upstream\SARIT-corpus\tattvasangrahapanjika.xml,TEI_XML,5594560,d8aecae8a07db6bb80b188769ffe7eb2beff9d214703456397e981ada4b3ea85,True,,True,1eac9ee0b055c8d11147edac4a75c76008ccc363
SARIT-C-054,SARIT-054,acquisitions\staging\sarit\2026-07-12\upstream\SARIT-corpus\ugraditya-kalyanakaraka.xml,TEI_XML,1521761,d706751d1b4f78a42db5a16dab112f90f918add519a1614279e3ec51e395b2a9,True,,True,1eac9ee0b055c8d11147edac4a75c76008ccc363
SARIT-C-055,SARIT-055,acquisitions\staging\sarit\2026-07-12\upstream\SARIT-corpus\vacaspati-tattvavaisaradi.xml,TEI_XML,417373,c4338cb6231e3df61847361701d3f212fd3d10ebb9396e2f14b329b8629b6ba7,True,,True,1eac9ee0b055c8d11147edac4a75c76008ccc363
SARIT-C-056,SARIT-056,acquisitions\staging\sarit\2026-07-12\upstream\SARIT-corpus\vadanyayatika.xml,TEI_XML,828735,831d871391aea69ca9310da6685f3d9943e74e64ec9c5a99e74300bfed7671fd,True,,True,1eac9ee0b055c8d11147edac4a75c76008ccc363
SARIT-C-057,SARIT-057,acquisitions\staging\sarit\2026-07-12\upstream\SARIT-corpus\vadasthana.xml,TEI_XML,48904,29f574563e1bb280b7f1400e636e75043a310d8aa866672a2d7690b694411b6c,True,,True,1eac9ee0b055c8d11147edac4a75c76008ccc363
SARIT-C-058,SARIT-058,acquisitions\staging\sarit\2026-07-12\upstream\SARIT-corpus\vagbhata-rasaratnasamuccaya-comms.xml,TEI_XML,1080654,e17a622a98137496acb29ef1a3cd94a2a1b407a9f2b6818552b98ed5ef3656bd,True,,True,1eac9ee0b055c8d11147edac4a75c76008ccc363
SARIT-C-059,SARIT-059,acquisitions\staging\sarit\2026-07-12\upstream\SARIT-corpus\vatsyayana-nyayabhasya.xml,TEI_XML,584891,2bf566269807b743bf1bc798a76a9f0ce9e406d822e7778c36456a90279d1a27,True,,True,1eac9ee0b055c8d11147edac4a75c76008ccc363
SARIT-C-060,SARIT-060,acquisitions\staging\sarit\2026-07-12\upstream\SARIT-corpus\vidhiviveka-and-nyayakanika.xml,TEI_XML,2181949,1f69504a41dcfcb88f769ab1f853953e9cad47ccb9c7ce33770acf0d04024735,True,,True,1eac9ee0b055c8d11147edac4a75c76008ccc363
