sarit_item_id,filename,title,author,active_corpus_member,tei_root,xml_well_formed,license_urls,license_statement,rights_lane,agent_can_index_now,source_commit,source_url,next_action
SARIT-001,arunadatta-sarvangasundara.xml,Aṣṭāṅgahṛdayasaṃhitā,Vāgbhaṭa | Aruṇadatta | Hemādri,True,TEI,True,http://creativecommons.org/licenses/by-sa/3.0/ | http://sarit.indology.info,"Copyright Notice Copyright AVP Research Foundation, Coimbatore, 2013 Distributed by SARIT under a Creative Commons Attribution-ShareAlike 3.0 Unported License. Under this licence, you are free to Share — to copy, distribute and transmit the work to Remix — to adapt the work Under the following conditions: Attribution — You must attribute the work in the manner specified by the author or licensor (but not in any way that suggests that they endorse you or your use of the work). Share Alike — If you alter, transform, or build upon this work, you may distribute the resulting work only under the same or similar license to this one. More information and fuller details of this license are given on the Creative Commons website. SARIT assumes no responsibility for unauthorised use that infringes the rights of any copyright owners, known or unknown.",EXPLICIT_OPEN_REUSE_WITH_CONDITIONS,True,1eac9ee0b055c8d11147edac4a75c76008ccc363,https://github.com/sarit/SARIT-corpus/blob/1eac9ee0b055c8d11147edac4a75c76008ccc363/arunadatta-sarvangasundara.xml,Preserve attribution/share-alike terms and independently review source-edition rights.
SARIT-002,asvaghosa-buddhacarita.xml,Buddhacarita,Aśvaghoṣa,True,TEI,True,http://creativecommons.org/licenses/by-sa/4.0/ | http://sarit.indology.info,"Copyright Notice Copyright 2017-2018 SARIT and Peter Schreiner Distributed by SARIT under a Creative Commons Attribution-ShareAlike 4.0 International License. Under this licence, you are free to Share — to copy, distribute and transmit the work to Remix — to adapt the work Under the following conditions: Attribution — You must attribute the work in the manner specified by the author or licensor (but not in any way that suggests that they endorse you or your use of the work). Share Alike — If you alter, transform, or build upon this work, you may distribute the resulting work only under the same or similar license to this one. More information and fuller details of this license are given on the Creative Commons website. SARIT assumes no responsibility for unauthorised use that infringes the rights of any copyright owners, known or unknown.",EXPLICIT_OPEN_REUSE_WITH_CONDITIONS,True,1eac9ee0b055c8d11147edac4a75c76008ccc363,https://github.com/sarit/SARIT-corpus/blob/1eac9ee0b055c8d11147edac4a75c76008ccc363/asvaghosa-buddhacarita.xml,Preserve attribution/share-alike terms and independently review source-edition rights.
SARIT-003,astangahrdayasamhita.xml,Aṣṭāṅgahṛdayasaṃhitā,Vāgbhaṭa,True,TEI,True,http://creativecommons.org/licenses/by-sa/3.0/ | http://sarit.indology.info,"Copyright Notice Copyright 2014-2018 SARIT Distributed by SARIT under a Creative Commons Attribution-ShareAlike 3.0 Unported License. Under this licence, you are free to Share — to copy, distribute and transmit the work to Remix — to adapt the work Under the following conditions: Attribution — You must attribute the work in the manner specified by the author or licensor (but not in any way that suggests that they endorse you or your use of the work). Share Alike — If you alter, transform, or build upon this work, you may distribute the resulting work only under the same or similar license to this one. More information and fuller details of this license are given on the Creative Commons website. SARIT assumes no responsibility for unauthorised use that infringes the rights of any copyright owners, known or unknown.",EXPLICIT_OPEN_REUSE_WITH_CONDITIONS,True,1eac9ee0b055c8d11147edac4a75c76008ccc363,https://github.com/sarit/SARIT-corpus/blob/1eac9ee0b055c8d11147edac4a75c76008ccc363/astangahrdayasamhita.xml,Preserve attribution/share-alike terms and independently review source-edition rights.
SARIT-004,astangasangraha.xml,Aṣṭāṅgasaṅgraha,Vṛddhavāgbhaṭa,True,TEI,True,http://creativecommons.org/licenses/by-sa/3.0/ | http://sarit.indology.info,"Copyright Notice Copyright 2014-2018 SARIT Distributed by SARIT under a Creative Commons Attribution-ShareAlike 3.0 Unported License. Under this licence, you are free to Share — to copy, distribute and transmit the work to Remix — to adapt the work Under the following conditions: Attribution — You must attribute the work in the manner specified by the author or licensor (but not in any way that suggests that they endorse you or your use of the work). Share Alike — If you alter, transform, or build upon this work, you may distribute the resulting work only under the same or similar license to this one. More information and fuller details of this license are given on the Creative Commons website. SARIT assumes no responsibility for unauthorised use that infringes the rights of any copyright owners, known or unknown.",EXPLICIT_OPEN_REUSE_WITH_CONDITIONS,True,1eac9ee0b055c8d11147edac4a75c76008ccc363,https://github.com/sarit/SARIT-corpus/blob/1eac9ee0b055c8d11147edac4a75c76008ccc363/astangasangraha.xml,Preserve attribution/share-alike terms and independently review source-edition rights.
SARIT-005,astavakragita.xml,Aṣṭāvakragītā,,True,TEI,True,http://creativecommons.org/licenses/by-sa/3.0/ | http://sarit.indology.info,"Copyright Notice Copyright Suryansu Ray 2012 Distributed by SARIT under a Creative Commons Attribution-ShareAlike 3.0 Unported License. Under this licence, you are free to Share — to copy, distribute and transmit the work to Remix — to adapt the work Under the following conditions: Attribution — You must attribute the work in the manner specified by the author or licensor (but not in any way that suggests that they endorse you or your use of the work). Share Alike — If you alter, transform, or build upon this work, you may distribute the resulting work only under the same or similar license to this one. More information and fuller details of this license are given on the Creative Commons website. SARIT assumes no responsibility for unauthorised use that infringes the rights of any copyright owners, known or unknown.",EXPLICIT_OPEN_REUSE_WITH_CONDITIONS,True,1eac9ee0b055c8d11147edac4a75c76008ccc363,https://github.com/sarit/SARIT-corpus/blob/1eac9ee0b055c8d11147edac4a75c76008ccc363/astavakragita.xml,Preserve attribution/share-alike terms and independently review source-edition rights.
SARIT-006,avayavinirakarana.xml,Avayavinirākaraṇa,Aśoka,True,TEI,True,https://creativecommons.org/licenses/by-sa/4.0/,"Copyright Notice: Copyright 2016-2018 SARIT Distributed under a Creative Commons Attribution-ShareAlike 4.0 International licence. Under this licence, you are free to: Share — copy and redistribute the material in any medium or format. Adapt — remix, transform, and build upon the material for any purpose, even commercially. The licensor cannot revoke these freedoms as long as you follow the license terms. Under the following terms: Attribution — You must give appropriate credit, provide a link to the license, and indicate if changes were made. You may do so in any reasonable manner, but not in any way that suggests the licensor endorses you or your use. ShareAlike — If you remix, transform, or build upon the material, you must distribute your contributions under the same license as the original. More information and fuller details of this license are given on the Creative Commons website. SARIT assumes no responsibility for unauthorised use that infringes the rights of any copyright owners, known or unknown.",EXPLICIT_OPEN_REUSE_WITH_CONDITIONS,True,1eac9ee0b055c8d11147edac4a75c76008ccc363,https://github.com/sarit/SARIT-corpus/blob/1eac9ee0b055c8d11147edac4a75c76008ccc363/avayavinirakarana.xml,Preserve attribution/share-alike terms and independently review source-edition rights.
SARIT-007,ayurvedasutram.xml,Āyurvedasūtram,Anonymous,True,TEI,True,http://sarit.indology.info | http://creativecommons.org/licenses/by-sa/3.0/,"Copyright Notice Machine-readable version copyright (C) Zoe Slatoff, 2010. Distributed by SARIT under a Creative Commons Attribution-ShareAlike 3.0 Unported License. Under this licence, you are free to Share — to copy, distribute and transmit the work to Remix — to adapt the work Under the following conditions: Attribution — You must attribute the work in the manner specified by the author or licensor (but not in any way that suggests that they endorse you or your use of the work). Share Alike — If you alter, transform, or build upon this work, you may distribute the resulting work only under the same or similar license to this one. More information and fuller details of this license are given on the Creative Commons website. SARIT assumes no responsibility for unauthorised use that infringes the rights of any copyright owners, known or unknown.",EXPLICIT_OPEN_REUSE_WITH_CONDITIONS,True,1eac9ee0b055c8d11147edac4a75c76008ccc363,https://github.com/sarit/SARIT-corpus/blob/1eac9ee0b055c8d11147edac4a75c76008ccc363/ayurvedasutram.xml,Preserve attribution/share-alike terms and independently review source-edition rights.
SARIT-008,bhartrhari-vakyapadiya.xml,Vākyapadīya,Bhartṛhari,True,TEI,True,http://creativecommons.org/licenses/by-sa/3.0/ | http://sarit.indology.info,"Copyright Notice Distributed by SARIT under a Creative Commons Attribution-ShareAlike 3.0 Unported License. Under this licence, you are free to Share — to copy, distribute and transmit the work to Remix — to adapt the work Under the following conditions: Attribution — You must attribute the work in the manner specified by the author or licensor (but not in any way that suggests that they endorse you or your use of the work). Share Alike — If you alter, transform, or build upon this work, you may distribute the resulting work only under the same or similar license to this one. More information and fuller details of this license are given on the Creative Commons website. SARIT assumes no responsibility for unauthorised use that infringes the rights of any copyright owners, known or unknown.",EXPLICIT_OPEN_REUSE_WITH_CONDITIONS,True,1eac9ee0b055c8d11147edac4a75c76008ccc363,https://github.com/sarit/SARIT-corpus/blob/1eac9ee0b055c8d11147edac4a75c76008ccc363/bhartrhari-vakyapadiya.xml,Preserve attribution/share-alike terms and independently review source-edition rights.
SARIT-009,bhoja-rajamartanda.xml,Rājamārtaṇḍa or Bhojavṛtti,Bhojarāja,True,TEI,True,http://creativecommons.org/licenses/by-sa/3.0/ | http://sarit.indology.info,"Copyright Notice Copyright Suryansu Ray 2012 Distributed by SARIT under a Creative Commons Attribution-ShareAlike 3.0 Unported License. Under this licence, you are free to Share — to copy, distribute and transmit the work to Remix — to adapt the work Under the following conditions: Attribution — You must attribute the work in the manner specified by the author or licensor (but not in any way that suggests that they endorse you or your use of the work). Share Alike — If you alter, transform, or build upon this work, you may distribute the resulting work only under the same or similar license to this one. More information and fuller details of this license are given on the Creative Commons website. SARIT assumes no responsibility for unauthorised use that infringes the rights of any copyright owners, known or unknown.",EXPLICIT_OPEN_REUSE_WITH_CONDITIONS,True,1eac9ee0b055c8d11147edac4a75c76008ccc363,https://github.com/sarit/SARIT-corpus/blob/1eac9ee0b055c8d11147edac4a75c76008ccc363/bhoja-rajamartanda.xml,Preserve attribution/share-alike terms and independently review source-edition rights.
SARIT-010,brahmapurana.xml,Brahmapurāṇa,Vyāsa,True,TEI,True,http://creativecommons.org/licenses/by-sa/3.0/ | http://sarit.indology.info,"Copyright Notice Copyright 2014-2018 SARIT Distributed by SARIT under a Creative Commons Attribution-ShareAlike 3.0 Unported License. Under this licence, you are free to Share — to copy, distribute and transmit the work to Remix — to adapt the work Under the following conditions: Attribution — You must attribute the work in the manner specified by the author or licensor (but not in any way that suggests that they endorse you or your use of the work). Share Alike — If you alter, transform, or build upon this work, you may distribute the resulting work only under the same or similar license to this one. More information and fuller details of this license are given on the Creative Commons website. SARIT assumes no responsibility for unauthorised use that infringes the rights of any copyright owners, known or unknown.",EXPLICIT_OPEN_REUSE_WITH_CONDITIONS,True,1eac9ee0b055c8d11147edac4a75c76008ccc363,https://github.com/sarit/SARIT-corpus/blob/1eac9ee0b055c8d11147edac4a75c76008ccc363/brahmapurana.xml,Preserve attribution/share-alike terms and independently review source-edition rights.
SARIT-011,cakradatta.xml,Cakradatta,Cakrapāṇidatta,True,TEI,True,http://creativecommons.org/licenses/by-sa/4.0/ | http://sarit.indology.info,"Copyright Notice Copyright 2018 SARIT and Dagmar Wujastyk Distributed by SARIT under a Creative Commons Attribution-ShareAlike 4.0 International License. Under this licence, you are free to Share — to copy, distribute and transmit the work to Remix — to adapt the work Under the following conditions: Attribution — You must attribute the work in the manner specified by the author or licensor (but not in any way that suggests that they endorse you or your use of the work). Share Alike — If you alter, transform, or build upon this work, you may distribute the resulting work only under the same or similar license to this one. More information and fuller details of this license are given on the Creative Commons website. SARIT assumes no responsibility for unauthorised use that infringes the rights of any copyright owners, known or unknown.",EXPLICIT_OPEN_REUSE_WITH_CONDITIONS,True,1eac9ee0b055c8d11147edac4a75c76008ccc363,https://github.com/sarit/SARIT-corpus/blob/1eac9ee0b055c8d11147edac4a75c76008ccc363/cakradatta.xml,Preserve attribution/share-alike terms and independently review source-edition rights.
SARIT-012,carakasamhita.xml,Carakasaṃhitā,Caraka | Agniveśa,True,TEI,True,http://creativecommons.org/licenses/by-sa/3.0/ | http://sarit.indology.info,"Copyright Notice Copyright 2014-2018 SARIT Distributed by SARIT under a Creative Commons Attribution-ShareAlike 3.0 Unported License. Under this licence, you are free to Share — to copy, distribute and transmit the work to Remix — to adapt the work Under the following conditions: Attribution — You must attribute the work in the manner specified by the author or licensor (but not in any way that suggests that they endorse you or your use of the work). Share Alike — If you alter, transform, or build upon this work, you may distribute the resulting work only under the same or similar license to this one. More information and fuller details of this license are given on the Creative Commons website. SARIT assumes no responsibility for unauthorised use that infringes the rights of any copyright owners, known or unknown.",EXPLICIT_OPEN_REUSE_WITH_CONDITIONS,True,1eac9ee0b055c8d11147edac4a75c76008ccc363,https://github.com/sarit/SARIT-corpus/blob/1eac9ee0b055c8d11147edac4a75c76008ccc363/carakasamhita.xml,Preserve attribution/share-alike terms and independently review source-edition rights.
SARIT-013,caryamelapakapradipa.xml,Caryāmelāpakapradīpa,Āryadeva,True,TEI,True,http://creativecommons.org/licenses/by-sa/3.0/ | http://sarit.indology.info,"Copyright Notice Copyright 2007-2017 Christian K. Wedemeyer Distributed by the copyright holder and SARIT under a Creative Commons Attribution-ShareAlike 3.0 Unported License. Under this licence, you are free to Share — to copy, distribute and transmit the work to Remix — to adapt the work Under the following conditions: Attribution — You must attribute the work in the manner specified by the author or licensor (but not in any way that suggests that they endorse you or your use of the work). Share Alike — If you alter, transform, or build upon this work, you may distribute the resulting work only under the same or similar license to this one. More information and fuller details of this license are given on the Creative Commons website. SARIT assumes no responsibility for unauthorised use that infringes the rights of any copyright owners, known or unknown.",EXPLICIT_OPEN_REUSE_WITH_CONDITIONS,True,1eac9ee0b055c8d11147edac4a75c76008ccc363,https://github.com/sarit/SARIT-corpus/blob/1eac9ee0b055c8d11147edac4a75c76008ccc363/caryamelapakapradipa.xml,Preserve attribution/share-alike terms and independently review source-edition rights.
SARIT-014,dasarupaka.xml,Daśarūpaka,Dhanaṃjaya | Dhanika | Bhaṭṭanṛsiṃha,True,TEI,True,https://creativecommons.org/licenses/by-sa/4.0/,"Copyright Notice: Copyright 2015-2018 SARIT Distributed under a Creative Commons Attribution-ShareAlike 4.0 International licence. Under this licence, you are free to: Share — copy and redistribute the material in any medium or format. Adapt — remix, transform, and build upon the material for any purpose, even commercially. The licensor cannot revoke these freedoms as long as you follow the license terms. Under the following terms: Attribution — You must give appropriate credit, provide a link to the license, and indicate if changes were made. You may do so in any reasonable manner, but not in any way that suggests the licensor endorses you or your use. ShareAlike — If you remix, transform, or build upon the material, you must distribute your contributions under the same license as the original. More information and fuller details of this license are given on the Creative Commons website. SARIT assumes no responsibility for unauthorised use that infringes the rights of any copyright owners, known or unknown.",EXPLICIT_OPEN_REUSE_WITH_CONDITIONS,True,1eac9ee0b055c8d11147edac4a75c76008ccc363,https://github.com/sarit/SARIT-corpus/blob/1eac9ee0b055c8d11147edac4a75c76008ccc363/dasarupaka.xml,Preserve attribution/share-alike terms and independently review source-edition rights.
SARIT-015,dharmottarapradipa.xml,Nyāyabindu,Dharmakīrti | Dharmottara | Durveka Miśra,True,TEI,True,https://creativecommons.org/licenses/by-sa/4.0/,"Copyright Notice: Copyright 2015-2018 SARIT Distributed under a Creative Commons Attribution-ShareAlike 4.0 International licence. Under this licence, you are free to: Share — copy and redistribute the material in any medium or format. Adapt — remix, transform, and build upon the material for any purpose, even commercially. The licensor cannot revoke these freedoms as long as you follow the license terms. Under the following terms: Attribution — You must give appropriate credit, provide a link to the license, and indicate if changes were made. You may do so in any reasonable manner, but not in any way that suggests the licensor endorses you or your use. ShareAlike — If you remix, transform, or build upon the material, you must distribute your contributions under the same license as the original. More information and fuller details of this license are given on the Creative Commons website. SARIT assumes no responsibility for unauthorised use that infringes the rights of any copyright owners, known or unknown.",EXPLICIT_OPEN_REUSE_WITH_CONDITIONS,True,1eac9ee0b055c8d11147edac4a75c76008ccc363,https://github.com/sarit/SARIT-corpus/blob/1eac9ee0b055c8d11147edac4a75c76008ccc363/dharmottarapradipa.xml,Preserve attribution/share-alike terms and independently review source-edition rights.
SARIT-016,dharmottaratippanaka.xml,Dharmottaraṭippanaka,,True,TEI,True,https://creativecommons.org/licenses/by-sa/4.0/,"Copyright Notice: 2017 SARIT Distributed under a Creative Commons Attribution-ShareAlike 4.0 International licence. Under this licence, you are free to: Share — copy and redistribute the material in any medium or format. Adapt — remix, transform, and build upon the material for any purpose, even commercially. The licensor cannot revoke these freedoms as long as you follow the license terms. Under the following terms: Attribution — You must give appropriate credit, provide a link to the license, and indicate if changes were made. You may do so in any reasonable manner, but not in any way that suggests the licensor endorses you or your use. ShareAlike — If you remix, transform, or build upon the material, you must distribute your contributions under the same license as the original. More information and fuller details of this license are given on the Creative Commons website. SARIT assumes no responsibility for unauthorised use that infringes the rights of any copyright owners, known or unknown.",EXPLICIT_OPEN_REUSE_WITH_CONDITIONS,True,1eac9ee0b055c8d11147edac4a75c76008ccc363,https://github.com/sarit/SARIT-corpus/blob/1eac9ee0b055c8d11147edac4a75c76008ccc363/dharmottaratippanaka.xml,Preserve attribution/share-alike terms and independently review source-edition rights.
SARIT-017,dvadasara_nayacakra.xml,Dvādaśāraṃ Nayacakram,Mallavādi | Siṃhasūri Gaṇi Vādi,True,TEI,True,https://creativecommons.org/licenses/by-sa/4.0/,"Copyright Notice: Copyright 2017-2018 SARIT Distributed under a Creative Commons Attribution-ShareAlike 4.0 International licence. Under this licence, you are free to: Share — copy and redistribute the material in any medium or format. Adapt — remix, transform, and build upon the material for any purpose, even commercially. The licensor cannot revoke these freedoms as long as you follow the license terms. Under the following terms: Attribution — You must give appropriate credit, provide a link to the license, and indicate if changes were made. You may do so in any reasonable manner, but not in any way that suggests the licensor endorses you or your use. ShareAlike — If you remix, transform, or build upon the material, you must distribute your contributions under the same license as the original. More information and fuller details of this license are given on the Creative Commons website. SARIT assumes no responsibility for unauthorised use that infringes the rights of any copyright owners, known or unknown.",EXPLICIT_OPEN_REUSE_WITH_CONDITIONS,True,1eac9ee0b055c8d11147edac4a75c76008ccc363,https://github.com/sarit/SARIT-corpus/blob/1eac9ee0b055c8d11147edac4a75c76008ccc363/dvadasara_nayacakra.xml,Preserve attribution/share-alike terms and independently review source-edition rights.
SARIT-018,govindabhagavatpada-rasahrdayatantra.xml,Rasahṛdayatantra,Govindabhagavatpāda | Caturbhuja Miśra,True,TEI,True,http://creativecommons.org/licenses/by-sa/4.0/ | http://sarit.indology.info,"Copyright Notice Copyright 2016-2018 SARIT Distributed by SARIT under a Creative Commons Attribution-ShareAlike 4.0 International License. Under this licence, you are free to Share — to copy, distribute and transmit the work to Remix — to adapt the work Under the following conditions: Attribution — You must attribute the work in the manner specified by the author or licensor (but not in any way that suggests that they endorse you or your use of the work). Share Alike — If you alter, transform, or build upon this work, you may distribute the resulting work only under the same or similar license to this one. More information and fuller details of this license are given on the Creative Commons website. SARIT assumes no responsibility for unauthorised use that infringes the rights of any copyright owners, known or unknown.",EXPLICIT_OPEN_REUSE_WITH_CONDITIONS,True,1eac9ee0b055c8d11147edac4a75c76008ccc363,https://github.com/sarit/SARIT-corpus/blob/1eac9ee0b055c8d11147edac4a75c76008ccc363/govindabhagavatpada-rasahrdayatantra.xml,Preserve attribution/share-alike terms and independently review source-edition rights.
SARIT-019,jitari-isvaravadimatapariksa.xml,*Īśvaravādimataparīkṣā,Jitāri,True,TEI,True,https://creativecommons.org/licenses/by-sa/4.0/,"Copyright Notice: Copyright 2016-2018 SARIT Distributed under a Creative Commons Attribution-ShareAlike 4.0 International licence. Under this licence, you are free to: Share — copy and redistribute the material in any medium or format. Adapt — remix, transform, and build upon the material for any purpose, even commercially. The licensor cannot revoke these freedoms as long as you follow the license terms. Under the following terms: Attribution — You must give appropriate credit, provide a link to the license, and indicate if changes were made. You may do so in any reasonable manner, but not in any way that suggests the licensor endorses you or your use. ShareAlike — If you remix, transform, or build upon the material, you must distribute your contributions under the same license as the original. More information and fuller details of this license are given on the Creative Commons website. SARIT assumes no responsibility for unauthorised use that infringes the rights of any copyright owners, known or unknown.",EXPLICIT_OPEN_REUSE_WITH_CONDITIONS,True,1eac9ee0b055c8d11147edac4a75c76008ccc363,https://github.com/sarit/SARIT-corpus/blob/1eac9ee0b055c8d11147edac4a75c76008ccc363/jitari-isvaravadimatapariksa.xml,Preserve attribution/share-alike terms and independently review source-edition rights.
SARIT-020,jitari-jatinirakrti.xml,Jātinirākṛti,Jitāri,True,TEI,True,https://creativecommons.org/licenses/by-sa/4.0/,"Copyright Notice: Copyright 2016-2018 SARIT Distributed under a Creative Commons Attribution-ShareAlike 4.0 International licence. Under this licence, you are free to: Share — copy and redistribute the material in any medium or format. Adapt — remix, transform, and build upon the material for any purpose, even commercially. The licensor cannot revoke these freedoms as long as you follow the license terms. Under the following terms: Attribution — You must give appropriate credit, provide a link to the license, and indicate if changes were made. You may do so in any reasonable manner, but not in any way that suggests the licensor endorses you or your use. ShareAlike — If you remix, transform, or build upon the material, you must distribute your contributions under the same license as the original. More information and fuller details of this license are given on the Creative Commons website. SARIT assumes no responsibility for unauthorised use that infringes the rights of any copyright owners, known or unknown.",EXPLICIT_OPEN_REUSE_WITH_CONDITIONS,True,1eac9ee0b055c8d11147edac4a75c76008ccc363,https://github.com/sarit/SARIT-corpus/blob/1eac9ee0b055c8d11147edac4a75c76008ccc363/jitari-jatinirakrti.xml,Preserve attribution/share-alike terms and independently review source-edition rights.
SARIT-021,jitari-nairatmyasiddhi.xml,Nairātmyasiddhi,Jitāri,True,TEI,True,https://creativecommons.org/licenses/by-sa/4.0/,"Copyright Notice: Copyright 2016-2018 SARIT Distributed under a Creative Commons Attribution-ShareAlike 4.0 International licence. Under this licence, you are free to: Share — copy and redistribute the material in any medium or format. Adapt — remix, transform, and build upon the material for any purpose, even commercially. The licensor cannot revoke these freedoms as long as you follow the license terms. Under the following terms: Attribution — You must give appropriate credit, provide a link to the license, and indicate if changes were made. You may do so in any reasonable manner, but not in any way that suggests the licensor endorses you or your use. ShareAlike — If you remix, transform, or build upon the material, you must distribute your contributions under the same license as the original. More information and fuller details of this license are given on the Creative Commons website. SARIT assumes no responsibility for unauthorised use that infringes the rights of any copyright owners, known or unknown.",EXPLICIT_OPEN_REUSE_WITH_CONDITIONS,True,1eac9ee0b055c8d11147edac4a75c76008ccc363,https://github.com/sarit/SARIT-corpus/blob/1eac9ee0b055c8d11147edac4a75c76008ccc363/jitari-nairatmyasiddhi.xml,Preserve attribution/share-alike terms and independently review source-edition rights.
SARIT-022,jitari-sarvajnasiddhi.xml,Sarvajñasiddhi,Jitāri,True,TEI,True,https://creativecommons.org/licenses/by-sa/4.0/,"Copyright Notice: Copyright 2016-2018 SARIT Distributed under a Creative Commons Attribution-ShareAlike 4.0 International licence. Under this licence, you are free to: Share — copy and redistribute the material in any medium or format. Adapt — remix, transform, and build upon the material for any purpose, even commercially. The licensor cannot revoke these freedoms as long as you follow the license terms. Under the following terms: Attribution — You must give appropriate credit, provide a link to the license, and indicate if changes were made. You may do so in any reasonable manner, but not in any way that suggests the licensor endorses you or your use. ShareAlike — If you remix, transform, or build upon the material, you must distribute your contributions under the same license as the original. More information and fuller details of this license are given on the Creative Commons website. SARIT assumes no responsibility for unauthorised use that infringes the rights of any copyright owners, known or unknown.",EXPLICIT_OPEN_REUSE_WITH_CONDITIONS,True,1eac9ee0b055c8d11147edac4a75c76008ccc363,https://github.com/sarit/SARIT-corpus/blob/1eac9ee0b055c8d11147edac4a75c76008ccc363/jitari-sarvajnasiddhi.xml,Preserve attribution/share-alike terms and independently review source-edition rights.
SARIT-023,jitari-vedapramanyasiddhi.xml,Vedāprāmāṇyasiddhi,Jitāri,True,TEI,True,https://creativecommons.org/licenses/by-sa/4.0/,"Copyright Notice: Copyright 2016-2018 SARIT Distributed under a Creative Commons Attribution-ShareAlike 4.0 International licence. Under this licence, you are free to: Share — copy and redistribute the material in any medium or format. Adapt — remix, transform, and build upon the material for any purpose, even commercially. The licensor cannot revoke these freedoms as long as you follow the license terms. Under the following terms: Attribution — You must give appropriate credit, provide a link to the license, and indicate if changes were made. You may do so in any reasonable manner, but not in any way that suggests the licensor endorses you or your use. ShareAlike — If you remix, transform, or build upon the material, you must distribute your contributions under the same license as the original. More information and fuller details of this license are given on the Creative Commons website. SARIT assumes no responsibility for unauthorised use that infringes the rights of any copyright owners, known or unknown.",EXPLICIT_OPEN_REUSE_WITH_CONDITIONS,True,1eac9ee0b055c8d11147edac4a75c76008ccc363,https://github.com/sarit/SARIT-corpus/blob/1eac9ee0b055c8d11147edac4a75c76008ccc363/jitari-vedapramanyasiddhi.xml,Preserve attribution/share-alike terms and independently review source-edition rights.
SARIT-024,jnanasrimitra-nibandhavali.xml,Jñānaśrīmitranibandhāvali,Jñānaśrīmitra,True,TEI,True,https://creativecommons.org/licenses/by-sa/4.0/,"Copyright Notice: Copyright 2016–2018 SARIT Distributed under a Creative Commons Attribution-ShareAlike 4.0 International licence. Under this licence, you are free to: Share — copy and redistribute the material in any medium or format. Adapt — remix, transform, and build upon the material for any purpose, even commercially. The licensor cannot revoke these freedoms as long as you follow the license terms. Under the following terms: Attribution — You must give appropriate credit, provide a link to the license, and indicate if changes were made. You may do so in any reasonable manner, but not in any way that suggests the licensor endorses you or your use. ShareAlike — If you remix, transform, or build upon the material, you must distribute your contributions under the same license as the original. More information and fuller details of this license are given on the Creative Commons website. SARIT assumes no responsibility for unauthorised use that infringes the rights of any copyright owners, known or unknown.",EXPLICIT_OPEN_REUSE_WITH_CONDITIONS,True,1eac9ee0b055c8d11147edac4a75c76008ccc363,https://github.com/sarit/SARIT-corpus/blob/1eac9ee0b055c8d11147edac4a75c76008ccc363/jnanasrimitra-nibandhavali.xml,Preserve attribution/share-alike terms and independently review source-edition rights.
SARIT-025,kautalyarthasastra.xml,Arthaśāstra,Kauṭalya,True,TEI,True,http://creativecommons.org/licenses/by-sa/3.0/ | http://sarit.indology.info,"Copyright Notice Copyright (C) 2014-2018 SARIT Copyright (C) 1992-1993 members of the Joint Seminar on ""Law (dharma) and Society in Classical India"", coordinated by Y. Ikari at the Institute for Research in Humanities, Kyoto University. Distributed by SARIT under a Creative Commons Attribution-ShareAlike 3.0 Unported License. Under this licence, you are free to Share — to copy, distribute and transmit the work to Remix — to adapt the work Under the following conditions: Attribution — You must attribute the work in the manner specified by the author or licensor (but not in any way that suggests that they endorse you or your use of the work). Share Alike — If you alter, transform, or build upon this work, you may distribute the resulting work only under the same or similar license to this one. More information and fuller details of this license are given on the Creative Commons website. SARIT assumes no responsibility for unauthorised use that infringes the rights of any copyright owners, known or unknown.",EXPLICIT_OPEN_REUSE_WITH_CONDITIONS,True,1eac9ee0b055c8d11147edac4a75c76008ccc363,https://github.com/sarit/SARIT-corpus/blob/1eac9ee0b055c8d11147edac4a75c76008ccc363/kautalyarthasastra.xml,Preserve attribution/share-alike terms and independently review source-edition rights.
SARIT-026,kumarila-tantravarttika.xml,Tantravārttika,Kumārila Bhaṭṭa,True,TEI,True,https://creativecommons.org/licenses/by-sa/4.0/,"Copyright Notice: Copyright 2014-2018 SARIT CC BY-SA 4.0 SARIT assumes no responsibility for unauthorised use that infringes the rights of any copyright owners, known or unknown.",EXPLICIT_OPEN_REUSE_WITH_CONDITIONS,True,1eac9ee0b055c8d11147edac4a75c76008ccc363,https://github.com/sarit/SARIT-corpus/blob/1eac9ee0b055c8d11147edac4a75c76008ccc363/kumarila-tantravarttika.xml,Preserve attribution/share-alike terms and independently review source-edition rights.
SARIT-027,mahabharata-devanagari.xml,श्रीमन् महाभारतम्,व्यास,True,TEI,True,http://sarit.indology.info | http://creativecommons.org/licenses/by-sa/3.0/,"Copyright Notice Distributed by SARIT under a Creative Commons Attribution-ShareAlike 3.0 Unported License. Under this licence, you are free to Share — to copy, distribute and transmit the work to Remix — to adapt the work Under the following conditions: Attribution — You must attribute the work in the manner specified by the authorparva or licensor (but not in any way that suggests that they endorse you or your use of the work). Share Alike — If you alter, transform, or build upon this work, you may distribute the resulting work only under the same or similar license to this one. More information and fuller details of this license are given on the Creative Commons website. SARIT assumes no responsibility for unauthorised use that infringes the rights of any copyright owners, known or unknown.",EXPLICIT_OPEN_REUSE_WITH_CONDITIONS,True,1eac9ee0b055c8d11147edac4a75c76008ccc363,https://github.com/sarit/SARIT-corpus/blob/1eac9ee0b055c8d11147edac4a75c76008ccc363/mahabharata-devanagari.xml,Preserve attribution/share-alike terms and independently review source-edition rights.
SARIT-028,manusmrti.xml,Manusmṛti,,True,TEI,True,http://creativecommons.org/licenses/by-sa/3.0/ | http://sarit.indology.info,"Copyright Notice Copyright (C) 1991-1996 members of the Joint Seminar on ""Law (dharma) and Society in Classical India"", coordinated by Yasuke Ikari at the Institute for Research in Humanities, Kyoto University and SARIT Distributed by SARIT under a Creative Commons Attribution-ShareAlike 3.0 Unported License. Under this licence, you are free to Share — to copy, distribute and transmit the work to Remix — to adapt the work Under the following conditions: Attribution — You must attribute the work in the manner specified by the author or licensor (but not in any way that suggests that they endorse you or your use of the work). Share Alike — If you alter, transform, or build upon this work, you may distribute the resulting work only under the same or similar license to this one. More information and fuller details of this license are given on the Creative Commons website. SARIT assumes no responsibility for unauthorised use that infringes the rights of any copyright owners, known or unknown.",EXPLICIT_OPEN_REUSE_WITH_CONDITIONS,True,1eac9ee0b055c8d11147edac4a75c76008ccc363,https://github.com/sarit/SARIT-corpus/blob/1eac9ee0b055c8d11147edac4a75c76008ccc363/manusmrti.xml,Preserve attribution/share-alike terms and independently review source-edition rights.
SARIT-029,naradasmrti.xml,Nāradasmṛti,,True,TEI,True,http://creativecommons.org/licenses/by-sa/3.0/ | http://sarit.indology.info,"Copyright Notice Copyright (C) Richard W. Lariviere and Yasuke Ikari and SARIT Distributed by SARIT under a Creative Commons Attribution-ShareAlike 3.0 Unported License. Under this licence, you are free to Share — to copy, distribute and transmit the work to Remix — to adapt the work Under the following conditions: Attribution — You must attribute the work in the manner specified by the author or licensor (but not in any way that suggests that they endorse you or your use of the work). Share Alike — If you alter, transform, or build upon this work, you may distribute the resulting work only under the same or similar license to this one. More information and fuller details of this license are given on the Creative Commons website. SARIT assumes no responsibility for unauthorised use that infringes the rights of any copyright owners, known or unknown.",EXPLICIT_OPEN_REUSE_WITH_CONDITIONS,True,1eac9ee0b055c8d11147edac4a75c76008ccc363,https://github.com/sarit/SARIT-corpus/blob/1eac9ee0b055c8d11147edac4a75c76008ccc363/naradasmrti.xml,Preserve attribution/share-alike terms and independently review source-edition rights.
SARIT-030,nityanatha-rasaratnakara-rasayanakhanda.xml,Rasāyanakhaṇḍa,Nityanātha Siddha,True,TEI,True,http://creativecommons.org/licenses/by-sa/4.0/ | http://sarit.indology.info,"Copyright Notice Copyright 2017-2018 SARIT and Dagmar Wujastyk Distributed by SARIT under a Creative Commons Attribution-ShareAlike 4.0 International License. Under this licence, you are free to Share — to copy, distribute and transmit the work to Remix — to adapt the work Under the following conditions: Attribution — You must attribute the work in the manner specified by the author or licensor (but not in any way that suggests that they endorse you or your use of the work). Share Alike — If you alter, transform, or build upon this work, you may distribute the resulting work only under the same or similar license to this one. More information and fuller details of this license are given on the Creative Commons website. SARIT assumes no responsibility for unauthorised use that infringes the rights of any copyright owners, known or unknown.",EXPLICIT_OPEN_REUSE_WITH_CONDITIONS,True,1eac9ee0b055c8d11147edac4a75c76008ccc363,https://github.com/sarit/SARIT-corpus/blob/1eac9ee0b055c8d11147edac4a75c76008ccc363/nityanatha-rasaratnakara-rasayanakhanda.xml,Preserve attribution/share-alike terms and independently review source-edition rights.
SARIT-031,nyayakumudacandra.xml,Laghīyastraya,Bhaṭṭākalaṅkadeva | Bhaṭṭākalaṅkadeva | Prabhācandra,True,TEI,True,https://creativecommons.org/licenses/by-sa/4.0/,"Copyright Notice: Copyright 2017-2018 SARIT Distributed under a Creative Commons Attribution-ShareAlike 4.0 International licence. Under this licence, you are free to: Share – copy and redistribute the material in any medium or format. Adapt – remix, transform, and build upon the material for any purpose, even commercially. The licensor cannot revoke these freedoms as long as you follow the license terms. Under the following terms: Attribution – You must give appropriate credit, provide a link to the license, and indicate if changes were made. You may do so in any reasonable manner, but not in any way that suggests the licensor endorses you or your use. ShareAlike – If you remix, transform, or build upon the material, you must distribute your contributions under the same license as the original. More information and fuller details of this license are given on the Creative Commons website. SARIT assumes no responsibility for unauthorised use that infringes the rights of any copyright owners, known or unknown.",EXPLICIT_OPEN_REUSE_WITH_CONDITIONS,True,1eac9ee0b055c8d11147edac4a75c76008ccc363,https://github.com/sarit/SARIT-corpus/blob/1eac9ee0b055c8d11147edac4a75c76008ccc363/nyayakumudacandra.xml,Preserve attribution/share-alike terms and independently review source-edition rights.
SARIT-032,nyayamanjari.xml,Nyāyasūtra,Jayantabhaṭṭa | K. S. Varadacharya,True,TEI,True,https://creativecommons.org/licenses/by-sa/4.0/,"Copyright Notice: Copyright 2017-2018 SARIT Distributed under a Creative Commons Attribution-ShareAlike 4.0 International licence. Under this licence, you are free to: Share — copy and redistribute the material in any medium or format. Adapt — remix, transform, and build upon the material for any purpose, even commercially. The licensor cannot revoke these freedoms as long as you follow the license terms. Under the following terms: Attribution — You must give appropriate credit, provide a link to the license, and indicate if changes were made. You may do so in any reasonable manner, but not in any way that suggests the licensor endorses you or your use. ShareAlike — If you remix, transform, or build upon the material, you must distribute your contributions under the same license as the original. More information and fuller details of this license are given on the Creative Commons website. SARIT assumes no responsibility for unauthorised use that infringes the rights of any copyright owners, known or unknown.",EXPLICIT_OPEN_REUSE_WITH_CONDITIONS,True,1eac9ee0b055c8d11147edac4a75c76008ccc363,https://github.com/sarit/SARIT-corpus/blob/1eac9ee0b055c8d11147edac4a75c76008ccc363/nyayamanjari.xml,Preserve attribution/share-alike terms and independently review source-edition rights.
SARIT-033,nyayavarttikatatparyatika.xml,Nyāyasūtra,Akṣapāda Gotama | Vācaspatimiśra,True,TEI,True,https://creativecommons.org/licenses/by-sa/4.0/,"Copyright Notice: Copyright 2016-2018 SARIT Distributed under a Creative Commons Attribution-ShareAlike 4.0 International licence. Under this licence, you are free to: Share — copy and redistribute the material in any medium or format. Adapt — remix, transform, and build upon the material for any purpose, even commercially. The licensor cannot revoke these freedoms as long as you follow the license terms. Under the following terms: Attribution — You must give appropriate credit, provide a link to the license, and indicate if changes were made. You may do so in any reasonable manner, but not in any way that suggests the licensor endorses you or your use. ShareAlike — If you remix, transform, or build upon the material, you must distribute your contributions under the same license as the original. More information and fuller details of this license are given on the Creative Commons website. SARIT assumes no responsibility for unauthorised use that infringes the rights of any copyright owners, known or unknown.",EXPLICIT_OPEN_REUSE_WITH_CONDITIONS,True,1eac9ee0b055c8d11147edac4a75c76008ccc363,https://github.com/sarit/SARIT-corpus/blob/1eac9ee0b055c8d11147edac4a75c76008ccc363/nyayavarttikatatparyatika.xml,Preserve attribution/share-alike terms and independently review source-edition rights.
SARIT-034,patanjalayogasastra.xml,Pātañjalayogaśāstra,Patañjali,True,TEI,True,http://creativecommons.org/licenses/by-sa/3.0/ | http://sarit.indology.info,"Copyright Notice Copyright Philipp Maas 2013-2017 Distributed by SARIT under a Creative Commons Attribution-ShareAlike 3.0 Unported License. Under this licence, you are free to Share — to copy, distribute and transmit the work to Remix — to adapt the work Under the following conditions: Attribution — You must attribute the work in the manner specified by the author or licensor (but not in any way that suggests that they endorse you or your use of the work). Share Alike — If you alter, transform, or build upon this work, you may distribute the resulting work only under the same or similar license to this one. More information and fuller details of this license are given on the Creative Commons website. SARIT assumes no responsibility for unauthorised use that infringes the rights of any copyright owners, known or unknown.",EXPLICIT_OPEN_REUSE_WITH_CONDITIONS,True,1eac9ee0b055c8d11147edac4a75c76008ccc363,https://github.com/sarit/SARIT-corpus/blob/1eac9ee0b055c8d11147edac4a75c76008ccc363/patanjalayogasastra.xml,Preserve attribution/share-alike terms and independently review source-edition rights.
SARIT-035,pramanamimamsa-and-vrtti.xml,Pramāṇamīmāṃsā,Hemacandra | Hemacandra,True,TEI,True,https://creativecommons.org/licenses/by-sa/4.0/,"Copyright Notice: Copyright 2016-2018 SARIT Distributed under a Creative Commons Attribution-ShareAlike 4.0 International licence. Under this licence, you are free to: Share — copy and redistribute the material in any medium or format. Adapt — remix, transform, and build upon the material for any purpose, even commercially. The licensor cannot revoke these freedoms as long as you follow the license terms. Under the following terms: Attribution — You must give appropriate credit, provide a link to the license, and indicate if changes were made. You may do so in any reasonable manner, but not in any way that suggests the licensor endorses you or your use. ShareAlike — If you remix, transform, or build upon the material, you must distribute your contributions under the same license as the original. More information and fuller details of this license are given on the Creative Commons website. SARIT assumes no responsibility for unauthorised use that infringes the rights of any copyright owners, known or unknown.",EXPLICIT_OPEN_REUSE_WITH_CONDITIONS,True,1eac9ee0b055c8d11147edac4a75c76008ccc363,https://github.com/sarit/SARIT-corpus/blob/1eac9ee0b055c8d11147edac4a75c76008ccc363/pramanamimamsa-and-vrtti.xml,Preserve attribution/share-alike terms and independently review source-edition rights.
SARIT-036,pramanantarbhava.xml,Pramāṇāntarbhāva,,True,TEI,True,https://creativecommons.org/licenses/by-sa/4.0/,"Copyright Notice: Copyright 2016-2018 SARIT Distributed under a Creative Commons Attribution-ShareAlike 4.0 International licence. Under this licence, you are free to: Share — copy and redistribute the material in any medium or format. Adapt — remix, transform, and build upon the material for any purpose, even commercially. The licensor cannot revoke these freedoms as long as you follow the license terms. Under the following terms: Attribution — You must give appropriate credit, provide a link to the license, and indicate if changes were made. You may do so in any reasonable manner, but not in any way that suggests the licensor endorses you or your use. ShareAlike — If you remix, transform, or build upon the material, you must distribute your contributions under the same license as the original. More information and fuller details of this license are given on the Creative Commons website. SARIT assumes no responsibility for unauthorised use that infringes the rights of any copyright owners, known or unknown.",EXPLICIT_OPEN_REUSE_WITH_CONDITIONS,True,1eac9ee0b055c8d11147edac4a75c76008ccc363,https://github.com/sarit/SARIT-corpus/blob/1eac9ee0b055c8d11147edac4a75c76008ccc363/pramanantarbhava.xml,Preserve attribution/share-alike terms and independently review source-edition rights.
SARIT-037,pramanavarttikalankarabhasya.xml,Pramāṇavārttikālaṅkāra,Prajñākaragupta,True,TEI,True,https://creativecommons.org/licenses/by-sa/4.0/,"Copyright Notice: Copyright 2014-2018 SARIT CC BY-SA 4.0 SARIT assumes no responsibility for unauthorised use that infringes the rights of any copyright owners, known or unknown.",EXPLICIT_OPEN_REUSE_WITH_CONDITIONS,True,1eac9ee0b055c8d11147edac4a75c76008ccc363,https://github.com/sarit/SARIT-corpus/blob/1eac9ee0b055c8d11147edac4a75c76008ccc363/pramanavarttikalankarabhasya.xml,Preserve attribution/share-alike terms and independently review source-edition rights.
SARIT-038,pramanavarttikaparisista-1.xml,Pramāṇavārttika Pariśiṣṭa 1,Vibhūticandra,True,TEI,True,https://creativecommons.org/licenses/by-sa/4.0/,"Copyright Notice: Copyright 2014-2018 SARIT Distributed under a Creative Commons Attribution-ShareAlike 4.0 International licence. Under this licence, you are free to: Share — copy and redistribute the material in any medium or format. Adapt — remix, transform, and build upon the material for any purpose, even commercially. The licensor cannot revoke these freedoms as long as you follow the license terms. Under the following terms: Attribution — You must give appropriate credit, provide a link to the license, and indicate if changes were made. You may do so in any reasonable manner, but not in any way that suggests the licensor endorses you or your use. ShareAlike — If you remix, transform, or build upon the material, you must distribute your contributions under the same license as the original. More information and fuller details of this license are given on the Creative Commons website. SARIT assumes no responsibility for unauthorised use that infringes the rights of any copyright owners, known or unknown.",EXPLICIT_OPEN_REUSE_WITH_CONDITIONS,True,1eac9ee0b055c8d11147edac4a75c76008ccc363,https://github.com/sarit/SARIT-corpus/blob/1eac9ee0b055c8d11147edac4a75c76008ccc363/pramanavarttikaparisista-1.xml,Preserve attribution/share-alike terms and independently review source-edition rights.
SARIT-039,pramanavarttikasvavrttitika.xml,Pramāṇavārttikasvavṛttiṭīkā,Dharmakīrti | Karṇakagomin,True,TEI,True,https://creativecommons.org/licenses/by-sa/4.0/,"Copyright Notice: Copyright 2015-2018 SARIT Distributed under a Creative Commons Attribution-ShareAlike 4.0 International licence. Under this licence, you are free to: Share — copy and redistribute the material in any medium or format. Adapt — remix, transform, and build upon the material for any purpose, even commercially. The licensor cannot revoke these freedoms as long as you follow the license terms. Under the following terms: Attribution — You must give appropriate credit, provide a link to the license, and indicate if changes were made. You may do so in any reasonable manner, but not in any way that suggests the licensor endorses you or your use. ShareAlike — If you remix, transform, or build upon the material, you must distribute your contributions under the same license as the original. More information and fuller details of this license are given on the Creative Commons website. SARIT assumes no responsibility for unauthorised use that infringes the rights of any copyright owners, known or unknown.",EXPLICIT_OPEN_REUSE_WITH_CONDITIONS,True,1eac9ee0b055c8d11147edac4a75c76008ccc363,https://github.com/sarit/SARIT-corpus/blob/1eac9ee0b055c8d11147edac4a75c76008ccc363/pramanavarttikasvavrttitika.xml,Preserve attribution/share-alike terms and independently review source-edition rights.
SARIT-040,pramanavarttikavrtti.xml,Pramāṇavārttika,Dharmakīrti | Manorathanandin,True,TEI,True,https://creativecommons.org/licenses/by-sa/4.0/,"Copyright Notice: Copyright 2014-2018 SARIT Distributed under a Creative Commons Attribution-ShareAlike 4.0 International licence. Under this licence, you are free to: Share — copy and redistribute the material in any medium or format. Adapt — remix, transform, and build upon the material for any purpose, even commercially. The licensor cannot revoke these freedoms as long as you follow the license terms. Under the following terms: Attribution — You must give appropriate credit, provide a link to the license, and indicate if changes were made. You may do so in any reasonable manner, but not in any way that suggests the licensor endorses you or your use. ShareAlike — If you remix, transform, or build upon the material, you must distribute your contributions under the same license as the original. More information and fuller details of this license are given on the Creative Commons website. SARIT assumes no responsibility for unauthorised use that infringes the rights of any copyright owners, known or unknown.",EXPLICIT_OPEN_REUSE_WITH_CONDITIONS,True,1eac9ee0b055c8d11147edac4a75c76008ccc363,https://github.com/sarit/SARIT-corpus/blob/1eac9ee0b055c8d11147edac4a75c76008ccc363/pramanavarttikavrtti.xml,Preserve attribution/share-alike terms and independently review source-edition rights.
SARIT-041,prasastapada-padarthadharmasangraha.xml,Padārthadharmasaṅgraha,Prasastapāda,True,TEI,True,http://creativecommons.org/licenses/by-sa/3.0/ | http://sarit.indology.info,"Copyright (C) Muneo Tokunaga and Yasutaka Muroya Distributed by SARIT under a Creative Commons Attribution-ShareAlike 3.0 Unported License. Under this licence, you are free to Share — to copy, distribute and transmit the work to Remix — to adapt the work Under the following conditions: Attribution — You must attribute the work in the manner specified by the author or licensor (but not in any way that suggests that they endorse you or your use of the work). Share Alike — If you alter, transform, or build upon this work, you may distribute the resulting work only under the same or similar license to this one. More information and fuller details of this license are given on the Creative Commons website.",EXPLICIT_OPEN_REUSE_WITH_CONDITIONS,True,1eac9ee0b055c8d11147edac4a75c76008ccc363,https://github.com/sarit/SARIT-corpus/blob/1eac9ee0b055c8d11147edac4a75c76008ccc363/prasastapada-padarthadharmasangraha.xml,Preserve attribution/share-alike terms and independently review source-edition rights.
SARIT-042,pravarasena-setubandha.xml,Rāvaṇavaho (Setubandha),Pravarasena,True,TEI,True,http://creativecommons.org/licenses/by-sa/3.0/ | http://sarit.indology.info,"Copyright Notice Copyright (C) Eszter Berki, Dániel Balogh, and SARIT. Distributed by SARIT under a Creative Commons Attribution-ShareAlike 3.0 Unported License. Under this licence, you are free to Share — to copy, distribute and transmit the work to Remix — to adapt the work Under the following conditions: Attribution — You must attribute the work in the manner specified by the author or licensor (but not in any way that suggests that they endorse you or your use of the work). Share Alike — If you alter, transform, or build upon this work, you may distribute the resulting work only under the same or similar license to this one. More information and fuller details of this license are given on the Creative Commons website. SARIT assumes no responsibility for unauthorised use that infringes the rights of any copyright owners, known or unknown.",EXPLICIT_OPEN_REUSE_WITH_CONDITIONS,True,1eac9ee0b055c8d11147edac4a75c76008ccc363,https://github.com/sarit/SARIT-corpus/blob/1eac9ee0b055c8d11147edac4a75c76008ccc363/pravarasena-setubandha.xml,Preserve attribution/share-alike terms and independently review source-edition rights.
SARIT-043,ratnakirti-nibandhavali.xml,Ratnakīrtinibandhāvali,Ratnakīrti,True,TEI,True,,This work is licensed under a Creative Commons Attribution-ShareAlike 3.0 Unported License.,EXPLICIT_OPEN_REUSE_WITH_CONDITIONS,True,1eac9ee0b055c8d11147edac4a75c76008ccc363,https://github.com/sarit/SARIT-corpus/blob/1eac9ee0b055c8d11147edac4a75c76008ccc363/ratnakirti-nibandhavali.xml,Preserve attribution/share-alike terms and independently review source-edition rights.
SARIT-044,ratnasritika-dn.xml,Kāvyādarśa,Daṇḍin | Ratnaśrījñāna,True,TEI,True,http://creativecommons.org/licenses/by-sa/3.0/ | http://sarit.indology.info,"Copyright Notice Copyright (C) SARIT Distributed by SARIT under a Creative Commons Attribution-ShareAlike 3.0 Unported License. Under this licence, you are free to Share — to copy, distribute and transmit the work to Remix — to adapt the work Under the following conditions: Attribution — You must attribute the work in the manner specified by the author or licensor (but not in any way that suggests that they endorse you or your use of the work). Share Alike — If you alter, transform, or build upon this work, you may distribute the resulting work only under the same or similar license to this one. More information and fuller details of this license are given on the Creative Commons website. SARIT assumes no responsibility for unauthorised use that infringes the rights of any copyright owners, known or unknown.",EXPLICIT_OPEN_REUSE_WITH_CONDITIONS,True,1eac9ee0b055c8d11147edac4a75c76008ccc363,https://github.com/sarit/SARIT-corpus/blob/1eac9ee0b055c8d11147edac4a75c76008ccc363/ratnasritika-dn.xml,Preserve attribution/share-alike terms and independently review source-edition rights.
SARIT-045,samanyadusana.xml,Sāmānyadūṣaṇa,Aśoka,True,TEI,True,https://creativecommons.org/licenses/by-sa/4.0/,"Copyright Notice: Copyright 2016-2018 SARIT Distributed under a Creative Commons Attribution-ShareAlike 4.0 International licence. Under this licence, you are free to: Share — copy and redistribute the material in any medium or format. Adapt — remix, transform, and build upon the material for any purpose, even commercially. The licensor cannot revoke these freedoms as long as you follow the license terms. Under the following terms: Attribution — You must give appropriate credit, provide a link to the license, and indicate if changes were made. You may do so in any reasonable manner, but not in any way that suggests the licensor endorses you or your use. ShareAlike — If you remix, transform, or build upon the material, you must distribute your contributions under the same license as the original. More information and fuller details of this license are given on the Creative Commons website. SARIT assumes no responsibility for unauthorised use that infringes the rights of any copyright owners, known or unknown.",EXPLICIT_OPEN_REUSE_WITH_CONDITIONS,True,1eac9ee0b055c8d11147edac4a75c76008ccc363,https://github.com/sarit/SARIT-corpus/blob/1eac9ee0b055c8d11147edac4a75c76008ccc363/samanyadusana.xml,Preserve attribution/share-alike terms and independently review source-edition rights.
SARIT-046,sarasvatikanthabharana-dn.xml,Sarasvatīkaṇṭhābharaṇa,Bhoja,True,TEI,True,http://creativecommons.org/licenses/by-sa/3.0/ | http://sarit.indology.info,"Copyright Notice Distributed by SARIT under a Creative Commons Attribution-ShareAlike 3.0 Unported License. Under this licence, you are free to Share — to copy, distribute and transmit the work to Remix — to adapt the work Under the following conditions: Attribution — You must attribute the work in the manner specified by the author or licensor (but not in any way that suggests that they endorse you or your use of the work). Share Alike — If you alter, transform, or build upon this work, you may distribute the resulting work only under the same or similar license to this one. More information and fuller details of this license are given on the Creative Commons website. SARIT assumes no responsibility for unauthorised use that infringes the rights of any copyright owners, known or unknown.",EXPLICIT_OPEN_REUSE_WITH_CONDITIONS,True,1eac9ee0b055c8d11147edac4a75c76008ccc363,https://github.com/sarit/SARIT-corpus/blob/1eac9ee0b055c8d11147edac4a75c76008ccc363/sarasvatikanthabharana-dn.xml,Preserve attribution/share-alike terms and independently review source-edition rights.
SARIT-047,siddhayoga.xml,Vṛndamādhavāparanāmā Siddhayoga,Vṛnda,True,TEI,True,http://sarit.indology.info | http://creativecommons.org/licenses/by-sa/4.0/,"Copyright Notice Copyright 2018 SARIT and Dagmar Wujastyk Distributed by SARIT under a Creative Commons Attribution-ShareAlike 4.0 International License. Under this licence, you are free to Share — to copy, distribute and transmit the work to Remix — to adapt the work Under the following conditions: Attribution — You must attribute the work in the manner specified by the author or licensor (but not in any way that suggests that they endorse you or your use of the work). Share Alike — If you alter, transform, or build upon this work, you may distribute the resulting work only under the same or similar license to this one. More information and fuller details of this license are given on the Creative Commons website. SARIT assumes no responsibility for unauthorised use that infringes the rights of any copyright owners, known or unknown.",EXPLICIT_OPEN_REUSE_WITH_CONDITIONS,True,1eac9ee0b055c8d11147edac4a75c76008ccc363,https://github.com/sarit/SARIT-corpus/blob/1eac9ee0b055c8d11147edac4a75c76008ccc363/siddhayoga.xml,Preserve attribution/share-alike terms and independently review source-edition rights.
SARIT-048,siddhiviniscayatika.xml,Siddhiviniścaya,Akalaṅka | Akalaṅka | Anantavīrya,True,TEI,True,https://creativecommons.org/licenses/by-sa/4.0/,"Copyright Notice: Copyright 2017-2018 SARIT Distributed under a Creative Commons Attribution-ShareAlike 4.0 International licence. Under this licence, you are free to: Share — copy and redistribute the material in any medium or format. Adapt — remix, transform, and build upon the material for any purpose, even commercially. The licensor cannot revoke these freedoms as long as you follow the license terms. Under the following terms: Attribution — You must give appropriate credit, provide a link to the license, and indicate if changes were made. You may do so in any reasonable manner, but not in any way that suggests the licensor endorses you or your use. ShareAlike — If you remix, transform, or build upon the material, you must distribute your contributions under the same license as the original. More information and fuller details of this license are given on the Creative Commons website. SARIT assumes no responsibility for unauthorised use that infringes the rights of any copyright owners, known or unknown.",EXPLICIT_OPEN_REUSE_WITH_CONDITIONS,True,1eac9ee0b055c8d11147edac4a75c76008ccc363,https://github.com/sarit/SARIT-corpus/blob/1eac9ee0b055c8d11147edac4a75c76008ccc363/siddhiviniscayatika.xml,Preserve attribution/share-alike terms and independently review source-edition rights.
SARIT-049,skandapurana.xml,Skandapurāṇa,,True,TEI,True,https://creativecommons.org/licenses/by-sa/4.0/,Distributed under a Creative Commons Attribution-ShareAlike 4.0 International licence.,EXPLICIT_OPEN_REUSE_WITH_CONDITIONS,True,1eac9ee0b055c8d11147edac4a75c76008ccc363,https://github.com/sarit/SARIT-corpus/blob/1eac9ee0b055c8d11147edac4a75c76008ccc363/skandapurana.xml,Preserve attribution/share-alike terms and independently review source-edition rights.
SARIT-050,susrutasamhita.xml,Suśrutasaṃhitā,Suśruta,True,TEI,True,http://creativecommons.org/licenses/by-sa/3.0/ | http://sarit.indology.info,"Copyright Notice Copyright (C) Tsutomu Yamashita and Yasutaka Muroya and SARIT. Distributed by SARIT under a Creative Commons Attribution-ShareAlike 3.0 Unported License. Under this licence, you are free to Share — to copy, distribute and transmit the work to Remix — to adapt the work Under the following conditions: Attribution — You must attribute the work in the manner specified by the author or licensor (but not in any way that suggests that they endorse you or your use of the work). Share Alike — If you alter, transform, or build upon this work, you may distribute the resulting work only under the same or similar license to this one. More information and fuller details of this license are given on the Creative Commons website. SARIT assumes no responsibility for unauthorised use that infringes the rights of any copyright owners, known or unknown.",EXPLICIT_OPEN_REUSE_WITH_CONDITIONS,True,1eac9ee0b055c8d11147edac4a75c76008ccc363,https://github.com/sarit/SARIT-corpus/blob/1eac9ee0b055c8d11147edac4a75c76008ccc363/susrutasamhita.xml,Preserve attribution/share-alike terms and independently review source-edition rights.
SARIT-051,tarkabhasa.xml,Tarkabhāṣa,Mokṣākaragupta,True,TEI,True,https://creativecommons.org/licenses/by-sa/4.0/,"Copyright Notice: Copyright 2016-2018 SARIT Distributed under a Creative Commons Attribution-ShareAlike 4.0 International licence. Under this licence, you are free to: Share — copy and redistribute the material in any medium or format. Adapt — remix, transform, and build upon the material for any purpose, even commercially. The licensor cannot revoke these freedoms as long as you follow the license terms. Under the following terms: Attribution — You must give appropriate credit, provide a link to the license, and indicate if changes were made. You may do so in any reasonable manner, but not in any way that suggests the licensor endorses you or your use. ShareAlike — If you remix, transform, or build upon the material, you must distribute your contributions under the same license as the original. More information and fuller details of this license are given on the Creative Commons website. SARIT assumes no responsibility for unauthorised use that infringes the rights of any copyright owners, known or unknown.",EXPLICIT_OPEN_REUSE_WITH_CONDITIONS,True,1eac9ee0b055c8d11147edac4a75c76008ccc363,https://github.com/sarit/SARIT-corpus/blob/1eac9ee0b055c8d11147edac4a75c76008ccc363/tarkabhasa.xml,Preserve attribution/share-alike terms and independently review source-edition rights.
SARIT-052,tarkarahasya.xml,Tarkarahasya,,True,TEI,True,https://creativecommons.org/licenses/by-sa/4.0/,"Copyright Notice: Copyright 2016-2018 SARIT Distributed under a Creative Commons Attribution-ShareAlike 4.0 International licence. Under this licence, you are free to: Share — copy and redistribute the material in any medium or format. Adapt — remix, transform, and build upon the material for any purpose, even commercially. The licensor cannot revoke these freedoms as long as you follow the license terms. Under the following terms: Attribution — You must give appropriate credit, provide a link to the license, and indicate if changes were made. You may do so in any reasonable manner, but not in any way that suggests the licensor endorses you or your use. ShareAlike — If you remix, transform, or build upon the material, you must distribute your contributions under the same license as the original. More information and fuller details of this license are given on the Creative Commons website. SARIT assumes no responsibility for unauthorised use that infringes the rights of any copyright owners, known or unknown.",EXPLICIT_OPEN_REUSE_WITH_CONDITIONS,True,1eac9ee0b055c8d11147edac4a75c76008ccc363,https://github.com/sarit/SARIT-corpus/blob/1eac9ee0b055c8d11147edac4a75c76008ccc363/tarkarahasya.xml,Preserve attribution/share-alike terms and independently review source-edition rights.
SARIT-053,tattvasangrahapanjika.xml,Tattvasaṅgraha,Śāntarakṣita | Kamalaśīla,True,TEI,True,https://creativecommons.org/licenses/by-sa/4.0/,"Copyright Notice: Copyright 2014-2018 SARIT Distributed under a Creative Commons Attribution-ShareAlike 4.0 International licence. Under this licence, you are free to: Share — copy and redistribute the material in any medium or format. Adapt — remix, transform, and build upon the material for any purpose, even commercially. The licensor cannot revoke these freedoms as long as you follow the license terms. Under the following terms: Attribution — You must give appropriate credit, provide a link to the license, and indicate if changes were made. You may do so in any reasonable manner, but not in any way that suggests the licensor endorses you or your use. ShareAlike — If you remix, transform, or build upon the material, you must distribute your contributions under the same license as the original. More information and fuller details of this license are given on the Creative Commons website. SARIT assumes no responsibility for unauthorised use that infringes the rights of any copyright owners, known or unknown.",EXPLICIT_OPEN_REUSE_WITH_CONDITIONS,True,1eac9ee0b055c8d11147edac4a75c76008ccc363,https://github.com/sarit/SARIT-corpus/blob/1eac9ee0b055c8d11147edac4a75c76008ccc363/tattvasangrahapanjika.xml,Preserve attribution/share-alike terms and independently review source-edition rights.
SARIT-054,ugraditya-kalyanakaraka.xml,Kalyāṇakāraka,Ugrāditya,True,TEI,True,http://creativecommons.org/licenses/by-sa/4.0/ | http://sarit.indology.info,"Copyright Notice Copyright 2018 SARIT and Dagmar Wujastyk Distributed by SARIT under a Creative Commons Attribution-ShareAlike 4.0 International License. Under this licence, you are free to Share — to copy, distribute and transmit the work to Remix — to adapt the work Under the following conditions: Attribution — You must attribute the work in the manner specified by the author or licensor (but not in any way that suggests that they endorse you or your use of the work). Share Alike — If you alter, transform, or build upon this work, you may distribute the resulting work only under the same or similar license to this one. More information and fuller details of this license are given on the Creative Commons website. SARIT assumes no responsibility for unauthorised use that infringes the rights of any copyright owners, known or unknown.",EXPLICIT_OPEN_REUSE_WITH_CONDITIONS,True,1eac9ee0b055c8d11147edac4a75c76008ccc363,https://github.com/sarit/SARIT-corpus/blob/1eac9ee0b055c8d11147edac4a75c76008ccc363/ugraditya-kalyanakaraka.xml,Preserve attribution/share-alike terms and independently review source-edition rights.
SARIT-055,vacaspati-tattvavaisaradi.xml,Yogasūtrāṇi,Patañjali | Vācaspatimiśra,True,TEI,True,http://creativecommons.org/licenses/by-sa/3.0/ | http://sarit.indology.info,"Copyright Notice Distributed by SARIT under a Creative Commons Attribution-ShareAlike 3.0 Unported License. Under this licence, you are free to Share — to copy, distribute and transmit the work to Remix — to adapt the work Under the following conditions: Attribution — You must attribute the work in the manner specified by the author or licensor (but not in any way that suggests that they endorse you or your use of the work). Share Alike — If you alter, transform, or build upon this work, you may distribute the resulting work only under the same or similar license to this one. More information and fuller details of this license are given on the Creative Commons website. SARIT assumes no responsibility for unauthorised use that infringes the rights of any copyright owners, known or unknown.",EXPLICIT_OPEN_REUSE_WITH_CONDITIONS,True,1eac9ee0b055c8d11147edac4a75c76008ccc363,https://github.com/sarit/SARIT-corpus/blob/1eac9ee0b055c8d11147edac4a75c76008ccc363/vacaspati-tattvavaisaradi.xml,Preserve attribution/share-alike terms and independently review source-edition rights.
SARIT-056,vadanyayatika.xml,Vādanyāyaṭīkā Vipañcitārthā,Śāntarakṣita,True,TEI,True,https://creativecommons.org/licenses/by-sa/4.0/,"Copyright Notice: Copyright 2014-2018 SARIT Distributed under a Creative Commons Attribution-ShareAlike 4.0 International licence. Under this licence, you are free to: Share — copy and redistribute the material in any medium or format. Adapt — remix, transform, and build upon the material for any purpose, even commercially. The licensor cannot revoke these freedoms as long as you follow the license terms. Under the following terms: Attribution — You must give appropriate credit, provide a link to the license, and indicate if changes were made. You may do so in any reasonable manner, but not in any way that suggests the licensor endorses you or your use. ShareAlike — If you remix, transform, or build upon the material, you must distribute your contributions under the same license as the original. More information and fuller details of this license are given on the Creative Commons website. SARIT assumes no responsibility for unauthorised use that infringes the rights of any copyright owners, known or unknown.",EXPLICIT_OPEN_REUSE_WITH_CONDITIONS,True,1eac9ee0b055c8d11147edac4a75c76008ccc363,https://github.com/sarit/SARIT-corpus/blob/1eac9ee0b055c8d11147edac4a75c76008ccc363/vadanyayatika.xml,Preserve attribution/share-alike terms and independently review source-edition rights.
SARIT-057,vadasthana.xml,Vādasthānāni,Jitāri,True,TEI,True,https://creativecommons.org/licenses/by-sa/4.0/,"Copyright Notice: Copyright 2016-2018 SARIT Distributed under a Creative Commons Attribution-ShareAlike 4.0 International licence. Under this licence, you are free to: Share — copy and redistribute the material in any medium or format. Adapt — remix, transform, and build upon the material for any purpose, even commercially. The licensor cannot revoke these freedoms as long as you follow the license terms. Under the following terms: Attribution — You must give appropriate credit, provide a link to the license, and indicate if changes were made. You may do so in any reasonable manner, but not in any way that suggests the licensor endorses you or your use. ShareAlike — If you remix, transform, or build upon the material, you must distribute your contributions under the same license as the original. More information and fuller details of this license are given on the Creative Commons website. SARIT assumes no responsibility for unauthorised use that infringes the rights of any copyright owners, known or unknown.",EXPLICIT_OPEN_REUSE_WITH_CONDITIONS,True,1eac9ee0b055c8d11147edac4a75c76008ccc363,https://github.com/sarit/SARIT-corpus/blob/1eac9ee0b055c8d11147edac4a75c76008ccc363/vadasthana.xml,Preserve attribution/share-alike terms and independently review source-edition rights.
SARIT-058,vagbhata-rasaratnasamuccaya-comms.xml,Rasaratnasamuccaya,Vāgbhaṭa,True,TEI,True,http://creativecommons.org/licenses/by-sa/3.0/ | http://sarit.indology.info,"Copyright (C) Oliver Hellwig, 2013-2017 (chapters 1-17 and 22) Distributed by SARIT under a Creative Commons Attribution-ShareAlike 3.0 Unported License. Under this licence, you are free to Share — to copy, distribute and transmit the work to Remix — to adapt the work Under the following conditions: Attribution — You must attribute the work in the manner specified by the author or licensor (but not in any way that suggests that they endorse you or your use of the work). Share Alike — If you alter, transform, or build upon this work, you may distribute the resulting work only under the same or similar license to this one. More information and fuller details of this license are given on the Creative Commons website. SARIT assumes no responsibility for unauthorised use that infringes the rights of any copyright owners, known or unknown.",EXPLICIT_OPEN_REUSE_WITH_CONDITIONS,True,1eac9ee0b055c8d11147edac4a75c76008ccc363,https://github.com/sarit/SARIT-corpus/blob/1eac9ee0b055c8d11147edac4a75c76008ccc363/vagbhata-rasaratnasamuccaya-comms.xml,Preserve attribution/share-alike terms and independently review source-edition rights.
SARIT-059,vatsyayana-nyayabhasya.xml,Nyāyasūtra,Akṣapāda Gotama | Vātsyāyana,True,TEI,True,http://creativecommons.org/licenses/by-sa/3.0/ | http://sarit.indology.info,"Copyright Notice Copyright (C) Young Buddhist Association of the University of Tokyo (Bussei) Distributed by SARIT under a Creative Commons Attribution-ShareAlike 3.0 Unported License. Under this licence, you are free to Share — to copy, distribute and transmit the work to Remix — to adapt the work Under the following conditions: Attribution — You must attribute the work in the manner specified by the author or licensor (but not in any way that suggests that they endorse you or your use of the work). Share Alike — If you alter, transform, or build upon this work, you may distribute the resulting work only under the same or similar license to this one. More information and fuller details of this license are given on the Creative Commons website. SARIT assumes no responsibility for unauthorised use that infringes the rights of any copyright owners, known or unknown.",EXPLICIT_OPEN_REUSE_WITH_CONDITIONS,True,1eac9ee0b055c8d11147edac4a75c76008ccc363,https://github.com/sarit/SARIT-corpus/blob/1eac9ee0b055c8d11147edac4a75c76008ccc363/vatsyayana-nyayabhasya.xml,Preserve attribution/share-alike terms and independently review source-edition rights.
SARIT-060,vidhiviveka-and-nyayakanika.xml,Vidhiviveka,Maṇḍana Miśra | Vācaspati Miśra,True,TEI,True,https://creativecommons.org/licenses/by-sa/4.0/,"Copyright Notice: Copyright 2016-2018 SARIT Distributed under a Creative Commons Attribution-ShareAlike 4.0 International licence. Under this licence, you are free to: Share — copy and redistribute the material in any medium or format. Adapt — remix, transform, and build upon the material for any purpose, even commercially. The licensor cannot revoke these freedoms as long as you follow the license terms. Under the following terms: Attribution — You must give appropriate credit, provide a link to the license, and indicate if changes were made. You may do so in any reasonable manner, but not in any way that suggests the licensor endorses you or your use. ShareAlike — If you remix, transform, or build upon the material, you must distribute your contributions under the same license as the original. More information and fuller details of this license are given on the Creative Commons website. SARIT assumes no responsibility for unauthorised use that infringes the rights of any copyright owners, known or unknown.",EXPLICIT_OPEN_REUSE_WITH_CONDITIONS,True,1eac9ee0b055c8d11147edac4a75c76008ccc363,https://github.com/sarit/SARIT-corpus/blob/1eac9ee0b055c8d11147edac4a75c76008ccc363/vidhiviveka-and-nyayakanika.xml,Preserve attribution/share-alike terms and independently review source-edition rights.
