candidate_id,name,source_type,provider,primary_url,content_scope,known_scale,access_mode,formats,full_content_potential,rights_lane,rights_status,priority,next_action,last_verified
SRC-AMB-001,Ambuda Sanskrit Library,repository,Ambuda,https://ambuda.org/texts/catalog/,Sanskrit texts including critical-edition Ramayana and Mahabharata Upanishads kavya shastra and stotra,344 catalogued texts shown in current catalogue,item_download,XML|plain text|PDF|CSV,high,OPEN_REUSE,Project states permissive licences and open formats; verify licence and upstream lineage per text,P0,Export catalogue and inspect per-item licences and completeness manifests,2026-07-12
SRC-GRE-001,GRETIL,repository,Göttingen State and University Library,https://gretil.sub.uni-goettingen.de/gretil.html,Machine-readable texts across Veda epics Puranas religious literature philosophy Dharmashastra narrative and Indian languages,Large corpus with cumulative downloads; exact current work count to enumerate,bulk_download,TEI XML|HTML|plain text|legacy formats,high,UNKNOWN_REVIEW_REQUIRED,Mixed contributors and upstream restrictions are visible in catalogue; rights require item-level assessment,P0,Download catalogue metadata and build item-level rights and format inventory before bulk ingest,2026-07-12
SRC-SAR-001,SARIT,repository,SARIT project,https://sarit.indology.info/,Philological Indic texts across Sanskrit Buddhist Jain Ayurveda philosophy and Purana,60 TEI documents and 227 MB XML reported,item_download,TEI XML|PDF|repository source,high,UNKNOWN_REVIEW_REQUIRED,Public repository and downloadable files; exact text and repository licence must be confirmed per release,P0,Snapshot official text repository and verify licence plus manifest for all 60 documents,2026-07-12
SRC-MUK-001,Muktabodha Digital Library,collection,Muktabodha Indological Research Institute,https://muktabodha.org/digital-library/,Shaiva Shakta Virashaiva Pancharatra Srividya Natha Yoga Vedic and manuscript collections,More than 3000 preserved texts; over 570 e-texts; over 1100 IFP PDFs; 238 Gokarna manuscripts,web_read_only,searchable e-text|PDF|manuscript images,high,PARTNERSHIP_REQUIRED,Terms limit website use to personal/internal noncommercial use and prohibit screen scraping without consent,P0,Prepare institutional partnership request for bulk preservation licence metadata and collection manifests,2026-07-12
SRC-AMB-UP-001,Smith-Tokunaga electronic Critical Ramayana,collection,John D Smith / Muneo Tokunaga / Oriental Institute Baroda,https://bombay.indology.info/ramayana/statement.html,Seven-file constituted text of the Baroda Critical Edition of the Valmiki Ramayana,7 kandas 606 sargas 18761 addressed verse units,item_download,Unicode Devanagari|Unicode Roman|ASCII,high,PARTNERSHIP_REQUIRED,Freely available for scholarship is stated but no explicit redistribution modification or commercial-use licence is granted,P0,Request written permission from John D Smith and the M S University of Baroda Oriental Institute,2026-07-12
SRC-AMB-UP-MBH-001,BORI-Smith-Tokunaga electronic Critical Mahabharata,collection,Bhandarkar Oriental Research Institute / John D Smith / Muneo Tokunaga,https://bombay.indology.info/mahabharata/statement.html,Eighteen main-text parvans plus eighteen supplementary-passage files from the BORI Critical Edition,18 main files with 1995 adhyayas and 73816 units plus 12415 supplementary passages,item_download,Unicode Devanagari|Unicode Roman|ASCII,high,PARTNERSHIP_REQUIRED,Electronic main text and supplements assert BORI copyright and instruct users not to provide copies to others,P0,Request an institutional preservation redistribution transformation and commercial-use licence from BORI,2026-07-12
SRC-SD-001,Sanskrit Documents,repository,Sanskrit Documents,https://sanskritdocuments.org/,Popular Sanskrit stotras scriptures and texts in searchable and printable forms,Exact inventory to enumerate,item_download,source text|Unicode|PDF|multiple scripts,high,PERMISSIONED,FAQ makes copying conditional and requests contact for intended use; no blanket bulk-reuse assumption,P1,Request permission and obtain inventory/export with item-level attribution and exceptions,2026-07-12
SRC-DCS-001,Digital Corpus of Sanskrit,dataset,Heidelberg-associated DCS project,https://www.sanskrit-linguistics.org/dcs/,Lemmatized and morphologically annotated Sanskrit corpus,Roughly 650000 sentences reported in published research,web_read_only,search interface|annotated data,medium,UNKNOWN_REVIEW_REQUIRED,Access and reusable bulk licence not yet confirmed,P1,Contact project and locate official bulk dataset licence and source-text lineage,2026-07-12
SRC-TIT-001,TITUS,repository,Goethe University Frankfurt TITUS project,https://titus.uni-frankfurt.de/texte/titus.htm,Old Indo-European and Indic electronic texts including Vedic and Sanskrit material,Exact Indic inventory to enumerate,web_read_only,HTML|plain ASCII|legacy formats,medium,PARTNERSHIP_REQUIRED,Some texts freely accessible while full access requires contributor password,P2,Inventory free versus restricted texts and seek contributor or institutional access terms,2026-07-12
SRC-VHP-001,Vedic Heritage Portal,collection,IGNCA / Ministry of Culture Government of India,https://vedicheritage.gov.in/about-project/,Vedic Samhitas recensions Brahmanas Aranyakas Upanishads Vedangas recitation ritual manuscripts and books,Large multi-format portal; exact object count to enumerate,web_read_only,text|PDF|audio|video|catalogue,high,PARTNERSHIP_REQUIRED,Government portal contains varied contributed materials with no blanket reuse conclusion,P1,Request bulk collection inventory rights matrix and preservation partnership,2026-07-12
SRC-NMM-001,National Database of Manuscripts Kriti Sampada,catalogue,National Mission for Manuscripts,https://namami.gov.in/manuscript-database,Manuscript catalogue and selected digital manuscript access across Indian traditions,4407000 electronic records and more than 2500 printed catalogues reported,web_read_only,catalogue records|digital manuscript links,medium,PARTNERSHIP_REQUIRED,Official site states all rights reserved; manuscript rights and access vary by custodian,P1,Seek catalogue export and custodian-level acquisition pathway; do not count metadata as holdings,2026-07-12
SRC-IGN-001,IGNCA Kalanidhi microfilm and digitized manuscripts,physical_collection,Indira Gandhi National Centre for the Arts,https://ignca.gov.in/divisionss/kalanidhi/microfilm-microfische/,Microfilm and digitized manuscripts from Indian and international repositories,Over 278000 manuscripts in 21722 microfilm rolls reported,request_copy,microfilm|digital images|print,high,PARTNERSHIP_REQUIRED,Copying generally requires permission from the original manuscript owner and may be charged,P0,Develop MoU strategy and prioritize owner-clearable Sanatana collections for copy acquisition,2026-07-12
SRC-ICP-001,Indian Culture Portal,collection,Ministry of Culture Government of India,https://indianculture.gov.in/,Manuscripts books archives museum objects images and audiovisual cultural material,Exact relevant object count to query,web_read_only,metadata|images|PDF|audio|video,medium,UNKNOWN_REVIEW_REQUIRED,Portal and contributing-institution rights need object-level review,P2,Use as discovery index then identify full-content objects and contributing custodians,2026-07-12
SRC-GIT-001,Gita Supersite,website,IIT Kanpur,https://www.gitasupersite.iitk.ac.in/,Bhagavad Gita text translations commentaries and related scripture interfaces,Complete Gita interface with multiple interpretive resources; exact inventory to enumerate,web_read_only,HTML text|audio where available,high,PARTNERSHIP_REQUIRED,Content from multiple publishers and commentators requires permission matrix,P1,Request structured export and rights breakdown; separately source open complete Gita editions,2026-07-12
SRC-IA-001,Internet Archive,repository,Internet Archive,https://archive.org/,Scanned books manuscripts recordings and films including many Indic and Sanatana works,Massive cross-domain corpus; relevant inventory requires search and deduplication,api,PDF|DjVu|OCR|EPUB|images|audio|video|metadata,high,UNKNOWN_REVIEW_REQUIRED,Rights are item-specific and uploader metadata is not conclusive legal clearance,P1,Query metadata to create candidate inventory then rights-check and completeness-test each edition,2026-07-12
SRC-PG-001,Project Gutenberg,repository,Project Gutenberg Literary Archive Foundation,https://www.gutenberg.org/,Public-domain electronic editions including translations of Indian narrative and religious works,Relevant title count to enumerate,bulk_download,EPUB|HTML|plain text|metadata,high,OPEN_REUSE,Project Gutenberg status is principally determined under US law and its trademark licence; destination-jurisdiction review still required,P1,Enumerate Sanatana and Indic narrative titles and reconcile each against its print edition,2026-07-12
SRC-WS-001,Wikisource language editions,repository,Wikimedia Foundation and contributors,https://wikisource.org/,Community transcriptions and scans of source texts across languages,Large multilingual corpus; relevant work inventory to query,bulk_download,wiki XML dumps|proofread pages|PDF/DjVu links,high,OPEN_REUSE,Text is generally CC BY-SA and/or public domain with item-level source status; attribution and share-alike obligations apply,P1,Query category inventories and dumps by language; retain scan lineage and proofread status,2026-07-12
SRC-IAST-001,Internet Sacred Text Archive,repository,Sacred-texts.com,https://sacred-texts.com/hin/index.htm,Older English translations of Hindu scriptures epics Puranas and related works,Relevant Hindu collection count to enumerate,item_download,HTML|text|images,medium,UNKNOWN_REVIEW_REQUIRED,Many underlying editions may be public domain but site formatting and item status require verification,P2,Inventory editions then prefer traceable public-domain scans or transcriptions from primary repositories,2026-07-12
SRC-BORI-001,Bhandarkar Oriental Research Institute,physical_collection,Bhandarkar Oriental Research Institute,https://bori.ac.in/,Critical editions manuscripts Indological publications and major Mahabharata scholarship,Institution reports a major manuscript collection; exact current inventory to request,partnership,manuscripts|critical editions|catalogues|publications,high,PARTNERSHIP_REQUIRED,Critical editions publications and manuscript images require institutional agreement,P0,Open partnership discussion focused on edition manifests lawful digital copies and Mahabharata holdings,2026-07-12
SRC-IFP-001,French Institute of Pondicherry manuscript collections,physical_collection,French Institute of Pondicherry,https://www.ifpindia.org/,Shaiva Siddhanta and other South Indian manuscript and research collections,More than 2000 paper transcripts represented through Muktabodha collaboration,partnership,manuscripts|transcripts|catalogues|digital images,high,PARTNERSHIP_REQUIRED,Custodial and collaboration terms govern copying and reuse,P0,Engage jointly with IFP and Muktabodha for permissioned full collection acquisition,2026-07-12
SRC-NDLI-001,National Digital Library of India,catalogue,IIT Kharagpur / Ministry of Education,https://ndl.iitkgp.ac.in/,Aggregator across books theses manuscripts and educational collections,Very large aggregator; relevant full-content count to enumerate,web_read_only,metadata|links|some hosted content,low,METADATA_ONLY_PENDING,Many records link to third-party providers and do not grant bulk content rights,P3,Use for discovery and source tracing only; acquire full content from originating custodians,2026-07-12
